"34 303,94",,,,,,,,,,,,,,,,,,,,,$2.208.139,,Objetivo Facturación,,,Objetivo Visitas,71.435,Objetivo Órdenes,155,,"-0,4594594595",Objetivo Ticket,$612.903,,,,"2,078431373",Inversión Total,,,Inv. Google,Inv. Meta,Inv. Tik Tok,,,,,,,,,,,,,,,,,,,,,,
,,,,,,,,,,,,,,,,,,,,,$4.439.993,98%,$95.000.000,"44,79%",- $50.682.427,83.580,"18,48%",109,"-52,08%","0,13%",-60%, $874.332,-5%,,,152,-29%, $7.600.000,,98%,$4.460.000,$2.565.000,$575.000,,,,,,,,,,,,,,,,,,,,,,
,,,,,,,,,,,,,,Enero,,,,,,Día,,Facturación,,,,Visitas,,Órdenes,,CR,,Ticket,,PXU,,Items,,Inversión,,,,,,,Items x ordenes,,Relación %,,,,MERCADO LIBRE,,,,,,,,,,,PROVINCIA,,,
,,,,,,,,,,,,,,,,,,,,,,Share,Target,Real,var,Target,Real V,Target,Real,Target,Real,Target,Real,Target,Real,Target,Real,Share,Target,Total Inv,Real Google,Real Meta,Tik Tok Real,var,Target,Real,Target,Real,,,Acciones comerciales,Share,Target Facturación,Facturación,Visitas,Órdenes,Conversión,Ticket,Acciones comerciales,Share,Target Facturación,Facturación,Órdenes,Ticket,
,,,,,,EMAIL MARKETING OBSERVACIONES Y ENVÍOS,Foco productos destacado ,Pauta Posteos Meta                                  ,Pauta Posteos Tiktok,A0,Killers,Foco categorias ,CAMPAÑAS  LEADS,CAMPAÑA  SECUNDARIA,ACCION COMERCIAL,ACCION COMERCIAL,ALIANZAS,DESCUENTOS BANCARIOS,ACCION COMERCIAL PRINCIPAL,DIA,FECHA,98%, $93.232.523, $42.550.096,-54%,83.580,99.022,106,51,"0,13%","0,05%", $876.007, $834.316, $625.719, $401.416,149,106,"37,00%", $7.600.000, $7.463.511, $4.478.708, $2.410.227, $574.576,-2%,1,2,"8,00%","17,54%", $146.343, $75,,"0,00%",#VALUE!, $0,0,0,#DIV/0!,#REF!, $0,"0,00%", $0, $0,0,#DIV/0!, $146.343
,,,,,,,,,,"SMART TV , INFOMATICA, ACCESORIOS, WEARABLES, KITCHEN ",,"FOCO 1 TV SAMSUNG  |
FOCO 2 CELU SAMSUNG |  gama media & baja",,x,Kitchen  30% extra en 1 pago. ,,x,,Electro Days | Hasta 30% hasta 18 csi + envio a todo el pais. Prodcutos foco solo los que envie samsung. ,miércoles,1 de abril,"2,63%", $2.498.500, $899.999,-64%,2240,1.822,3,1,"0,13%","0,05%", $858.065, $899.999, $612.904, $899.999,4,1,"6,60%", $501.466, $154.508,"$106.111,67","$48.396,52", $0,-69%,"1,40","1,00","20,07%","17,17%",,,,, $0,,,,#DIV/0!,#REF!,,,#VALUE!,,,#DIV/0!,
,,,,,,,,,,"SMART TV , INFOMATICA, ACCESORIOS, WEARABLES, KITCHEN ",,,,,Kitchen  30% extra en 1 pago. ,,,,Electro Days | Hasta 30% hasta 18 csi + envio a todo el pais. Prodcutos foco solo los que envie samsung. ,jueves,2 de abril,"1,91%", $1.814.500, $2.396.792,32%,1627,2.227,2,1,"0,13%","0,04%", $858.065, $2.396.792, $612.904, $2.396.792,3,1,"3,67%", $278.592, $142.443,"$85.937,70","$56.505,01", $0,-49%,"1,40","1,00","15,35%","5,94%",,,,, $0,,,,#DIV/0!,#REF!,,,#VALUE!,,,#DIV/0!,
,,,,,,,,,,"SMART TV , INFOMATICA, ACCESORIOS, WEARABLES, KITCHEN ",,"FOCO 1 TV SAMSUNG  |
FOCO 2 CELU SAMSUNG |  gama media & baja",,,Kitchen  30% extra en 1 pago. ,,,,Electro Days | Hasta 30% hasta 18 csi + envio a todo el pais. Prodcutos foco solo los que envie samsung. ,viernes,3 de abril,"4,79%", $4.550.500, $0,-100%,4079,2.207,5,0,"0,13%","0,00%", $858.065,, $612.904,#DIV/0!,7,0,"3,67%", $278.592, $63.311,"$6.856,23","$56.454,55", $0,- $1,"1,40",#DIV/0!,"6,12%",,,,,, $0,,,,#DIV/0!,#REF!,,,#VALUE!,,,#DIV/0!,
,,,,,,,,,,"SMART TV , INFOMATICA, ACCESORIOS, WEARABLES, KITCHEN ",,"FOCO 1 TV SAMSUNG  |
FOCO 2 CELU SAMSUNG |  gama media & baja",,,Kitchen  30% extra en 1 pago. ,,,,Electro Days | Hasta 30% hasta 18 csi + envio a todo el pais. Prodcutos foco solo los que envie samsung. ,sábado,4 de abril,"2,36%", $2.241.949, $0,-100%,2010,2.374,3,0,"0,13%","0,00%", $858.065,, $612.904,#DIV/0!,4,0,"2,44%", $185.728, $57.710,"$0,00","$57.710,43", $0,- $1,"1,40",#DIV/0!,"8,28%",,,,,, $0,,,,#DIV/0!,#REF!,,,#VALUE!,,,#DIV/0!,
,,,,,,,,,,"SMART TV , INFOMATICA, ACCESORIOS, WEARABLES, KITCHEN ",,"FOCO 1 TV SAMSUNG  |
FOCO 2 CELU SAMSUNG |  gama media & baja",,,Kitchen  30% extra en 1 pago. ,,,,Electro Days | Hasta 30% hasta 18 csi + envio a todo el pais. Prodcutos foco solo los que envie samsung. ,domingo,5 de abril,"2,04%", $1.938.000, $0,-100%,1737,2.010,2,0,"0,13%","0,00%", $858.065,, $612.904,#DIV/0!,3,0,"2,54%", $193.157, $43.517,"$0,00","$43.516,56", $0,-100%,"1,40",#DIV/0!,"9,97%",,,,,, $0,,,,#DIV/0!,#REF!,,,#VALUE!,,,#DIV/0!,
,,,,,,Envio de email con killer semanales,,,,"SMART TV , INFOMATICA, ACCESORIOS, WEARABLES, KITCHEN ","UN50U8000FGCZB
UN55U8000FGCZB
LS22D300GALXZB
LS25BG400ELXZB
LS32DM501ELXZB
Galaxy A16 128GB
Galaxy A36
Galaxy A56
Galaxy S25FE","FOCO 1 TV SAMSUNG  |
FOCO 2 CELU SAMSUNG |  gama media & baja",,,Kitchen  30% extra en 1 pago. ,Especial TV mudial samsung -HASTA 30% OFF Y HASTA 20 CUOTAS SIN INTERES,,,Electro Days | Hasta 30% hasta 18 csi + envio a todo el pais. Prodcutos foco solo los que envie samsung. ,lunes,6 de abril,"4,40%", $4.180.000, $0,-100%,3747,2.195,5,0,"0,13%","0,00%", $858.065,, $612.904,#DIV/0!,7,0,"1,96%", $148.583, $201.743,"$159.587,57","$42.155,07", $0,7%,"1,40",#DIV/0!,"3,55%",,,,,, $0,,,,#DIV/0!,#REF!,,,#VALUE!,,,#DIV/0!,
,,,,,,BNA HASTA 20 CSI,,,,"SMART TV , INFOMATICA, ACCESORIOS, WEARABLES, KITCHEN ","UN50U8000FGCZB
UN55U8000FGCZB
LS22D300GALXZB
LS25BG400ELXZB
LS32DM501ELXZB
Galaxy A16 128GB
Galaxy A36
Galaxy A56
Galaxy S25FE","FOCO 1 TV SAMSUNG  |
FOCO 2 CELU SAMSUNG |  gama media & baja",,,Kitchen  30% extra en 1 pago. ,Especial TV mudial samsung -HASTA 30% OFF Y HASTA 20 CUOTAS SIN INTERES,,BNA hasta 20 cuotas sin interes | campaña completa,Electro Days | Hasta 30% hasta 18 csi + envio a todo el pais. Prodcutos foco solo los que envie samsung. ,martes,7 de abril,"3,07%", $2.916.500, $1.915.993,-34%,2615,2.013,3,4,"0,13%","0,20%", $858.065, $478.998, $612.904, $212.888,5,9,"1,56%", $118.866, $250.582,"$207.896,87","$42.685,37",,75%,"1,40","2,25","4,08%","13,08%",,,,, $0,,,,#DIV/0!,#REF!,,,#VALUE!,,,#DIV/0!,
,,,,,,,,,,"SMART TV , INFOMATICA, ACCESORIOS, WEARABLES, KITCHEN ","UN50U8000FGCZB
UN55U8000FGCZB
LS22D300GALXZB
LS25BG400ELXZB
LS32DM501ELXZB
Galaxy A16 128GB
Galaxy A36
Galaxy A56
Galaxy S25FE","FOCO 1 TV SAMSUNG  |
FOCO 2 CELU SAMSUNG |  gama media & baja",,,Kitchen  30% extra en 1 pago. ,Especial TV mudial samsung -HASTA 30% OFF Y HASTA 20 CUOTAS SIN INTERES,,BNA hasta 20 cuotas sin interes | campaña completa,Electro Days | Hasta 30% hasta 18 csi + envio a todo el pais. Prodcutos foco solo los que envie samsung. ,miércoles,8 de abril,"4,63%", $4.401.942, $3.395.504,-23%,3946,1.801,5,4,"0,13%","0,22%", $858.065, $848.876, $612.904, $679.101,7,5,"6,60%", $501.466, $222.352,"$176.987,55","$45.364,57",,-65%,"1,40","1,25","11,39%","6,55%",,,,, $0,,,,#DIV/0!,#REF!,,,#VALUE!,,,#DIV/0!,
,,,,,,Televisores- segmento,,,,"SMART TV , INFOMATICA, ACCESORIOS, WEARABLES, KITCHEN ","UN50U8000FGCZB
UN55U8000FGCZB
LS22D300GALXZB
LS25BG400ELXZB
LS32DM501ELXZB
Galaxy A16 128GB
Galaxy A36
Galaxy A56
Galaxy S25FE","FOCO 1 TV SAMSUNG  |
FOCO 2 CELU SAMSUNG |  gama media & baja",,,Kitchen  30% extra en 1 pago. ,Especial TV mudial samsung -HASTA 30% OFF Y HASTA 20 CUOTAS SIN INTERES,,Buen d,Electro Days | Hasta 30% hasta 18 csi + envio a todo el pais. Prodcutos foco solo los que envie samsung. ,jueves,9 de abril,"2,41%", $2.289.500, $419.998,-82%,2052,2.032,3,1,"0,13%","0,05%", $858.065, $419.998, $612.904, $419.998,4,1,"3,67%", $278.592, $272.661,"$206.230,51","$66.430,87",,-26%,"1,40","1,00","12,17%","64,92%",,,,, $0,,,,#DIV/0!,#REF!,,,#VALUE!,,,#DIV/0!,
,,,,,,,,,,"SMART TV , INFOMATICA, ACCESORIOS, WEARABLES, KITCHEN ","UN50U8000FGCZB
UN55U8000FGCZB
LS22D300GALXZB
LS25BG400ELXZB
LS32DM501ELXZB
Galaxy A16 128GB
Galaxy A36
Galaxy A56
Galaxy S25FE","FOCO 1 TV SAMSUNG  |
FOCO 2 CELU SAMSUNG |  gama media & baja",,,Kitchen  30% extra en 1 pago. ,Especial TV mudial samsung -HASTA 30% OFF Y HASTA 20 CUOTAS SIN INTERES,,BNA hasta 20 cuotas sin interes | campaña completa,Electro Days | Hasta 30% hasta 18 csi + envio a todo el pais. Prodcutos foco solo los que envie samsung. ,viernes,10 de abril,"4,79%", $4.550.500, $152.999,-97%,4079,2.644,5,1,"0,13%","0,04%", $858.065, $152.999, $612.904, $76.500,7,2,"3,67%", $278.592, $284.967,"$176.417,19","$108.549,60",,-37%,"1,40","2,00","6,12%","186,25%",,,,, $0,,,,#DIV/0!,#REF!,,,#VALUE!,,,#DIV/0!,
,,,,,,,,,,"SMART TV , INFOMATICA, ACCESORIOS, WEARABLES, KITCHEN ","UN50U8000FGCZB
UN55U8000FGCZB
LS22D300GALXZB
LS25BG400ELXZB
LS32DM501ELXZB
Galaxy A16 128GB
Galaxy A36
Galaxy A56
Galaxy S25FE","FOCO 1 TV SAMSUNG  |
FOCO 2 CELU SAMSUNG |  gama media & baja",,,Kitchen  30% extra en 1 pago. ,Especial TV mudial samsung -HASTA 30% OFF Y HASTA 20 CUOTAS SIN INTERES,,BNA hasta 20 cuotas sin interes | campaña completa,Electro Days | Hasta 30% hasta 18 csi + envio a todo el pais. Prodcutos foco solo los que envie samsung. ,sábado,11 de abril,"2,36%", $2.241.949, $2.829.388,26%,2010,2.232,3,4,"0,13%","0,18%", $858.065, $707.347, $612.904, $471.565,4,6,"2,44%", $185.728, $234.997,"$161.867,26","$73.129,95",,-13%,"1,40","1,50","8,28%","8,31%",,,,, $0,,,,#DIV/0!,#REF!,,,#VALUE!,,,#DIV/0!,
,,,,,,,,,,"SMART TV , INFOMATICA, ACCESORIOS, WEARABLES, KITCHEN ","UN50U8000FGCZB
UN55U8000FGCZB
LS22D300GALXZB
LS25BG400ELXZB
LS32DM501ELXZB
Galaxy A16 128GB
Galaxy A36
Galaxy A56
Galaxy S25FE","FOCO 1 TV SAMSUNG  |
FOCO 2 CELU SAMSUNG |  gama media & baja",,,Kitchen  30% extra en 1 pago. ,Especial TV mudial samsung -HASTA 30% OFF Y HASTA 20 CUOTAS SIN INTERES,,BNA hasta 20 cuotas sin interes | campaña completa,Electro Days | Hasta 30% hasta 18 csi + envio a todo el pais. Prodcutos foco solo los que envie samsung. ,domingo,12 de abril,"2,54%", $2.413.000, $1.519.998,-37%,2163,2.957,3,2,"0,13%","0,07%", $858.065, $759.999, $612.904, $506.666,4,3,"2,54%", $193.157, $267.725,"$165.860,26","$101.864,73",,-14%,"1,40","1,50","8,00%","17,61%",,,,, $0,,,,#DIV/0!,#REF!,,,#VALUE!,,,#DIV/0!,
,,,,,,,,,,"SMART TV , INFOMATICA, ACCESORIOS, WEARABLES, KITCHEN ",,"FOCO 1 TV SAMSUNG  |
FOCO 2 CELU SAMSUNG |  gama media & baja",,,Kitchen  30% extra en 1 pago. ,Especial TV mudial samsung -HASTA 30% OFF Y HASTA 20 CUOTAS SIN INTERES,,BNA hasta 20 cuotas sin interes | campaña completa,Electro Days | Hasta 30% hasta 18 csi + envio a todo el pais. Prodcutos foco solo los que envie samsung. ,lunes,13 de abril,"4,40%", $4.180.000, $1.621.998,-61%,3747,3.053,5,2,"0,13%","0,07%", $858.065, $810.999, $612.904, $540.666,7,3,"1,96%", $148.583, $269.157,"$165.780,33","$103.376,83",,12%,"1,40","1,50","3,55%","16,59%",,,,, $0,,,,#DIV/0!,#REF!,,,#VALUE!,,,#DIV/0!,
,,,,,,,,,,"SMART TV , INFOMATICA, ACCESORIOS, WEARABLES, KITCHEN ",,"FOCO 1 TV SAMSUNG  |
FOCO 2 CELU SAMSUNG |  gama media & baja",,,Kitchen  30% extra en 1 pago. ,Especial TV mudial samsung -HASTA 30% OFF Y HASTA 20 CUOTAS SIN INTERES,,BNA hasta 20 cuotas sin interes | campaña completa,Electro Days | Hasta 30% hasta 18 csi + envio a todo el pais. Prodcutos foco solo los que envie samsung. ,martes,14 de abril,"2,57%", $2.436.820, $547.145,-78%,2185,2.953,3,2,"0,13%","0,07%", $858.065, $273.573, $612.904, $273.573,4,2,"1,56%", $118.866, $276.134,"$184.508,96","$91.625,33",,55%,"1,40","1,00","4,88%","50,47%",,,,, $0,,,,#DIV/0!,#REF!,,,#VALUE!,,,#DIV/0!,
,,,,,,,,,Posteo mundial,"SMART TV , INFOMATICA, ACCESORIOS, WEARABLES, KITCHEN ",,"FOCO 1 TV SAMSUNG  |
FOCO 2 CELU SAMSUNG |  gama media & baja",,,Kitchen  30% extra en 1 pago. ,Especial TV mudial samsung -HASTA 30% OFF Y HASTA 20 CUOTAS SIN INTERES,,BNA hasta 20 cuotas sin interes | campaña completa,Electro Days | Hasta 30% hasta 18 csi + envio a todo el pais. Prodcutos foco solo los que envie samsung. ,miércoles,15 de abril,"4,63%", $4.401.942, $3.599.998,-18%,3946,3.265,5,2,"0,13%","0,06%", $858.065, $1.799.999, $612.904, $1.799.999,7,2,"6,60%", $501.466, $280.754,"$161.033,91","$111.242,88", $8.478,-68%,"1,40","1,00","11,39%","7,80%",,,,, $0,,,,#DIV/0!,#REF!,,,#VALUE!,,,#DIV/0!,
,,,,,,,,,Posteo mundial,"SMART TV , INFOMATICA, ACCESORIOS, WEARABLES, KITCHEN ",,"FOCO 1 TV SAMSUNG  |
FOCO 2 CELU SAMSUNG |  gama media & baja",,,Kitchen  30% extra en 1 pago. ,Especial TV mudial samsung -HASTA 30% OFF Y HASTA 20 CUOTAS SIN INTERES,,BNA hasta 20 cuotas sin interes | campaña completa,Electro Days | Hasta 30% hasta 18 csi + envio a todo el pais. Prodcutos foco solo los que envie samsung. ,jueves,16 de abril,"2,01%", $1.909.500, $2.199.999,15%,1712,3.280,2,1,"0,13%","0,03%", $858.065, $2.199.999, $612.904, $1.100.000,3,2,"3,67%", $278.592, $326.933,"$160.076,06","$98.599,50", $68.258,-43%,"1,40","2,00","14,59%","14,86%","15,56%",,,, $0,,,,#DIV/0!,#REF!,,,#VALUE!,,,#DIV/0!,
,,,,,,,,,Posteo mundial,"SMART TV , INFOMATICA, ACCESORIOS, WEARABLES, KITCHEN ",,"FOCO 1 TV SAMSUNG  |
FOCO 2 CELU SAMSUNG |  gama media & baja",,,Kitchen  30% extra en 1 pago. ,Especial TV mudial samsung -HASTA 30% OFF Y HASTA 20 CUOTAS SIN INTERES,,BNA hasta 20 cuotas sin interes | campaña completa,Electro Days | Hasta 30% hasta 18 csi + envio a todo el pais. Prodcutos foco solo los que envie samsung. ,viernes,17 de abril,"4,79%", $4.550.500, $301.473,-93%,4079,3.647,5,1,"0,13%","0,03%", $858.065, $301.473, $612.904, $301.473,7,1,"3,67%", $278.592, $317.951,"$152.125,70","$96.700,48", $69.124,-45%,"1,40","1,00","6,12%","105,47%","15,64%",,,, $0,,,,#DIV/0!,#REF!,,,#VALUE!,,,#DIV/0!,
,,,,,,,,,Posteo mundial,"SMART TV , INFOMATICA, ACCESORIOS, WEARABLES, KITCHEN ",,"FOCO 1 TV SAMSUNG  |
FOCO 2 CELU SAMSUNG |  gama media & baja",,,Kitchen  30% extra en 1 pago. ,Especial TV mudial samsung -HASTA 30% OFF Y HASTA 20 CUOTAS SIN INTERES,,BNA hasta 20 cuotas sin interes | campaña completa,Electro Days | Hasta 30% hasta 18 csi + envio a todo el pais. Prodcutos foco solo los que envie samsung. ,sábado,18 de abril,"2,36%", $2.241.949, $0,-100%,2010,3.522,3,0,"0,13%","0,00%", $858.065,, $612.904,#DIV/0!,4,0,"2,44%", $185.728, $356.185,"$184.123,01","$102.937,36", $69.124,-1%,"1,40",#DIV/0!,"8,28%",,"21,40%",,,, $0,,,,#DIV/0!,#REF!,,,#VALUE!,,,#DIV/0!,
,,,,,,,,,Posteo mundial,"SMART TV , INFOMATICA, ACCESORIOS, WEARABLES, KITCHEN ",,"FOCO 1 TV SAMSUNG  |
FOCO 2 CELU SAMSUNG |  gama media & baja",,,Kitchen  30% extra en 1 pago. ,Especial TV mudial samsung -HASTA 30% OFF Y HASTA 20 CUOTAS SIN INTERES,,BNA hasta 20 cuotas sin interes | campaña completa,Electro Days | Hasta 30% hasta 18 csi + envio a todo el pais. Prodcutos foco solo los que envie samsung. ,domingo,19 de abril,"2,54%", $2.413.000, $0,-100%,2163,4.199,3,0,"0,13%","0,00%", $858.065,, $612.904,#DIV/0!,4,0,"2,54%", $193.157, $340.728,"$163.470,35","$121.390,99", $55.866,-15%,"1,40",#DIV/0!,"8,00%",,,,,, $0,,,,#DIV/0!,#REF!,,,#VALUE!,,,#DIV/0!,
,,,,,,,,,Posteo mundial,"SMART TV , INFOMATICA, ACCESORIOS, WEARABLES, KITCHEN ",,"FOCO 1 TV SAMSUNG  |
FOCO 2 CELU SAMSUNG |  gama media & baja","Generacion de leads TV  ""mundial"" | generacion de leads hotsale. ",,Kitchen  30% extra en 1 pago. ,Especial TV mudial samsung -HASTA 30% OFF Y HASTA 20 CUOTAS SIN INTERES,,BNA hasta 20 cuotas sin interes | campaña completa,Electro Days | Hasta 30% hasta 18 csi + envio a todo el pais. Prodcutos foco solo los que envie samsung. ,lunes,20 de abril,"4,40%", $4.180.000, $1.533.882,-63%,3747,7.134,5,3,"0,13%","0,04%", $858.065, $511.294, $612.904, $219.126,7,7,"1,96%", $148.583, $344.774,"$174.573,06","$114.638,61", $55.562,17%,"1,40","2,33","3,55%","22,48%",,,,, $0,,,,#DIV/0!,#REF!,,,#VALUE!,,,#REF!,
,,,,,,,,,,"SMART TV , INFOMATICA, ACCESORIOS, WEARABLES, KITCHEN ",,"FOCO 1 TV SAMSUNG  |
FOCO 2 CELU SAMSUNG |  gama media & baja","Generacion de leads TV  ""mundial"" | generacion de leads hotsale. ",,Kitchen  30% extra en 1 pago. ,Especial TV mudial samsung -HASTA 30% OFF Y HASTA 20 CUOTAS SIN INTERES,,BNA hasta 20 cuotas sin interes | campaña completa,Electro Days | Hasta 30% hasta 18 csi + envio a todo el pais. Prodcutos foco solo los que envie samsung. ,martes,21 de abril,"2,57%", $2.436.820, $862.110,-65%,2185,4.908,3,1,"0,13%","0,02%", $858.065, $862.110, $612.904, $431.055,4,2,"1,56%", $118.866, $286.688,"$156.509,85","$100.640,93", $29.537,32%,"1,40","2,00","4,88%","33,25%",,,,, $0,,,,#DIV/0!,#REF!,,,#VALUE!,,,#DIV/0!,
,,,,,,,,,,"SMART TV , INFOMATICA, ACCESORIOS, WEARABLES, KITCHEN ",,"FOCO 1 TV SAMSUNG  |
FOCO 2 CELU SAMSUNG |  gama media & baja","Generacion de leads TV  ""mundial"" | generacion de leads hotsale. ",,Kitchen  30% extra en 1 pago. ,Especial TV mudial samsung -HASTA 30% OFF Y HASTA 20 CUOTAS SIN INTERES,,BNA hasta 20 cuotas sin interes | campaña completa,Electro Days | Hasta 30% hasta 18 csi + envio a todo el pais. Prodcutos foco solo los que envie samsung. ,miércoles,22 de abril,"4,63%", $4.401.942, $2.548.791,-42%,3946,4.538,5,3,"0,13%","0,07%", $858.065, $849.597, $612.904, $509.758,7,5,"6,60%", $501.466, $295.606,"$186.760,29","$81.122,46", $27.723,-63%,"1,40","1,67","11,39%","11,60%",,,,, $0,,,,#DIV/0!,#REF!,,,#VALUE!,,,#DIV/0!,
,,,,,,,,,,"SMART TV , INFOMATICA, ACCESORIOS, WEARABLES, KITCHEN ",,"FOCO 1 TV SAMSUNG  |
FOCO 2 CELU SAMSUNG |  gama media & baja","Generacion de leads TV  ""mundial"" | generacion de leads hotsale. ",,Kitchen  30% extra en 1 pago. ,Especial TV mudial samsung -HASTA 30% OFF Y HASTA 20 CUOTAS SIN INTERES,,BNA hasta 20 cuotas sin interes | campaña completa,Electro Days | Hasta 30% hasta 18 csi + envio a todo el pais. Prodcutos foco solo los que envie samsung. ,jueves,23 de abril,"2,01%", $1.909.500, $1.062.496,-44%,1712,4.418,2,2,"0,13%","0,05%", $858.065, $531.248, $612.904, $132.812,3,8,"3,67%", $278.592, $253.577,"$141.266,09","$84.657,95", $27.653,-49%,"1,40","4,00","14,59%","23,87%",,,,, $0,,,,#DIV/0!,#REF!,,,#VALUE!,,,#DIV/0!,
,,,,,,,,,,"SMART TV , INFOMATICA, ACCESORIOS, WEARABLES, KITCHEN ",,"FOCO 1 TV SAMSUNG  |
FOCO 2 CELU SAMSUNG |  gama media & baja","Generacion de leads TV  ""mundial"" | generacion de leads hotsale. ",,Kitchen  30% extra en 1 pago. ,Especial TV mudial samsung -HASTA 30% OFF Y HASTA 20 CUOTAS SIN INTERES,Nuevas financiaciones y condiciones de uso de cupones de1 pago. ACTIVACION DE GO CUOTAS. ,BNA hasta 20 cuotas sin interes | campaña completa,Electro Days | Hasta 30% hasta 18 csi + envio a todo el pais. Prodcutos foco solo los que envie samsung. ,viernes,24 de abril,"4,79%", $4.550.500, $3.498.357,-23%,4079,4.253,5,5,"0,13%","0,12%", $858.065, $699.671, $612.904, $233.224,7,15,"3,67%", $278.592, $291.703,"$182.443,79","$80.959,84", $28.299,-35%,"1,40","3,00","6,12%","8,34%",,,,, $0,,,,#DIV/0!,#REF!,,,#VALUE!,,,#DIV/0!,
,,,,,,,,,,"SMART TV , INFOMATICA, ACCESORIOS, WEARABLES, KITCHEN ",,"FOCO 1 TV SAMSUNG  |
FOCO 2 CELU SAMSUNG |  gama media & baja","Generacion de leads TV  ""mundial"" | generacion de leads hotsale. ",,Kitchen  30% extra en 1 pago. ,Especial TV mudial samsung -HASTA 30% OFF Y HASTA 20 CUOTAS SIN INTERES,Nuevas financiaciones y condiciones de uso de cupones de1 pago. ACTIVACION DE GO CUOTAS. ,BNA hasta 20 cuotas sin interes | campaña completa,Electro Days | Hasta 30% hasta 18 csi + envio a todo el pais. Prodcutos foco solo los que envie samsung. ,sábado,25 de abril,"2,36%", $2.241.949, $0,-100%,2010,4.408,3,0,"0,13%","0,00%", $858.065,, $612.904,#DIV/0!,4,0,"2,44%", $185.728, $303.847,"$210.218,29","$65.915,69", $27.713,13%,"1,40",#DIV/0!,"8,28%",,,,,, $0,,,,#DIV/0!,#REF!,,,#VALUE!,,,#DIV/0!,
,,,,,,,,,,"SMART TV , INFOMATICA, ACCESORIOS, WEARABLES, KITCHEN ",,"FOCO 1 TV SAMSUNG  |
FOCO 2 CELU SAMSUNG |  gama media & baja","Generacion de leads TV  ""mundial"" | generacion de leads hotsale. ",,Kitchen  30% extra en 1 pago. ,Especial TV mudial samsung -HASTA 30% OFF Y HASTA 20 CUOTAS SIN INTERES,Nuevas financiaciones y condiciones de uso de cupones de1 pago. ACTIVACION DE GO CUOTAS. ,BNA hasta 20 cuotas sin interes | campaña completa,Electro Days | Hasta 30% hasta 18 csi + envio a todo el pais. Prodcutos foco solo los que envie samsung. ,domingo,26 de abril,"2,54%", $2.413.000, $4.975.738,106%,2163,5.774,3,3,"0,13%","0,05%", $858.065, $1.658.579, $612.904, $621.967,4,8,"2,54%", $193.157, $282.357,"$158.241,98","$95.330,47", $28.785,-18%,"1,40","2,67","8,00%","5,67%",,,,, $0,,,,#DIV/0!,#REF!,,,#VALUE!,,,#DIV/0!,
,,,,,,,,,,"SMART TV , INFOMATICA, ACCESORIOS, WEARABLES, KITCHEN ",,"FOCO 1 TV SAMSUNG  |
FOCO 2 CELU SAMSUNG |  gama media & baja","Generacion de leads TV  ""mundial"" | generacion de leads hotsale. ",,Kitchen  30% extra en 1 pago. ,Especial TV mudial samsung -HASTA 30% OFF Y HASTA 20 CUOTAS SIN INTERES,Nuevas financiaciones y condiciones de uso de cupones de1 pago. ACTIVACION DE GO CUOTAS. ,BNA hasta 20 cuotas sin interes | campaña completa,Electro Days | Hasta 30% hasta 18 csi + envio a todo el pais. Prodcutos foco solo los que envie samsung. ,lunes,27 de abril,"4,40%", $4.180.000, $3.287.048,-21%,3747,3.291,5,3,"0,13%","0,09%", $858.065, $1.095.683, $612.904, $410.881,7,8,"1,96%", $148.583, $283.821,"$173.344,37","$81.892,92", $28.584,17%,"1,40","2,67","3,55%","8,63%",,,,, $0,,,,#DIV/0!,#REF!,,,#VALUE!,,,#DIV/0!,
,,,,,,,,,,"SMART TV , INFOMATICA, ACCESORIOS, WEARABLES, KITCHEN ",,"FOCO 1 TV SAMSUNG  |
FOCO 2 CELU SAMSUNG |  gama media & baja","Generacion de leads TV  ""mundial"" | generacion de leads hotsale. ",,Kitchen  30% extra en 1 pago. ,Especial TV mudial samsung -HASTA 30% OFF Y HASTA 20 CUOTAS SIN INTERES,Nuevas financiaciones y condiciones de uso de cupones de1 pago. ACTIVACION DE GO CUOTAS. ,BNA hasta 20 cuotas sin interes | campaña completa,Electro Days | Hasta 30% hasta 18 csi + envio a todo el pais. Prodcutos foco solo los que envie samsung. ,martes,28 de abril,"2,57%", $2.436.820, $160.392,-93%,2185,3.197,3,2,"0,13%","0,06%", $858.065, $80.196, $612.904, $26.732,4,6,"1,56%", $118.866, $249.446,"$140.628,79","$80.147,73", $28.669,18%,"1,40","3,00","4,88%","155,52%",,,,, $0,,,,#DIV/0!,#REF!,,,#VALUE!,,,#DIV/0!,
,,,,,,,,,,"SMART TV , INFOMATICA, ACCESORIOS, WEARABLES, KITCHEN ",,"FOCO 1 TV SAMSUNG  |
FOCO 2 CELU SAMSUNG |  gama media & baja","Generacion de leads TV  ""mundial"" | generacion de leads hotsale. ",,Kitchen  30% extra en 1 pago. ,Especial TV mudial samsung -HASTA 30% OFF Y HASTA 20 CUOTAS SIN INTERES,Nuevas financiaciones y condiciones de uso de cupones de1 pago. ACTIVACION DE GO CUOTAS. ,BNA hasta 20 cuotas sin interes | campaña completa,Electro Days | Hasta 30% hasta 18 csi + envio a todo el pais. Prodcutos foco solo los que envie samsung. ,miércoles,29 de abril,"4,63%", $4.401.942, $2.819.997,-36%,3946,3.273,5,3,"0,13%","0,09%", $858.065, $939.999, $612.904, $313.333,7,9,"6,60%", $501.466, $273.276,"$179.010,58","$73.065,28", $21.200,-64%,"1,40","3,00","11,39%","9,69%",,,,, $0,,,,#DIV/0!,#REF!,,,#VALUE!,,,#DIV/0!,
,,,,,,,,,,"SMART TV , INFOMATICA, ACCESORIOS, WEARABLES, KITCHEN ",,"FOCO 1 TV SAMSUNG  |
FOCO 2 CELU SAMSUNG |  gama media & baja","Generacion de leads TV  ""mundial"" | generacion de leads hotsale. ",,Kitchen  30% extra en 1 pago. ,Especial TV mudial samsung -HASTA 30% OFF Y HASTA 20 CUOTAS SIN INTERES,Nuevas financiaciones y condiciones de uso de cupones de1 pago. ACTIVACION DE GO CUOTAS. ,BNA hasta 20 cuotas sin interes | campaña completa,Electro Days | Hasta 30% hasta 18 csi + envio a todo el pais. Prodcutos foco solo los que envie samsung. ,jueves,30 de abril,"2,01%", $1.909.500, $0,-100%,1712,3.395,2,,"0,13%","0,00%", $858.065,, $612.904,#DIV/0!,3,,"3,67%", $278.592, $234.058,"$150.839,94","$83.218,33", $0,-46%,"1,40",#DIV/0!,"14,59%",,,,,, $0,,,,#DIV/0!,#REF!,,,#VALUE!,,,#DIV/0!,