"34 303,94",,,,,,,,,,,,,,,,,,,,,$2.249.469,,Objetivo Facturación,,,Objetivo Visitas,71.435,Objetivo Órdenes,155,,"-0,4594594595",Objetivo Ticket,$612.903,,,,"1,058823529",Inversión Total,,,Inv. Google | AO,Inv. Google | Hot Sale > Previa ,Inv. Google | Hot Sale > Acción ,Inv. Meta | AO,Inv. Meta | Hot Sale > Previa ,Inv. Meta | Hot Sale > Acción ,Inv. Tik Tok | AO,Inv. TT | Hot Sale > Acción ,,,,,,,,,,,,,,,,,,,,,,
,,,,,,,,,,,,,,,,,,,,,$4.523.097,100%,$145.450.000,"107,10%", $7.859.144,186.712,"-40,97%",262,"-35,04%","0,14%",10%, $555.756,62%,,,284,-37%, $0,,#DIV/0!,,,,,,,,,,,,,,,,,,,,,,,,,,,,,,
,,,,,,,,,,,,,,Enero,,,,,,Día,,Facturación,,,,Visitas,,Órdenes,,CR,,Ticket,,PXU,,Items,,Inversión,,,,,,,,,,,,Items x ordenes,,Relación %,,,,MERCADO LIBRE,,,,,,,,,,,PROVINCIA,,,
,,,,,,,,,,,,,,,,,,,,,,Share,Target,Real,var,Target,Real V,Target,Real,Target,Real,Target,Real,Target,Real,Target,Real,Share,Target,Total Inv,Real Google,,,Real Meta,,,Tik Tok Real,,var,Target,Real,Target,Real,,,Acciones comerciales,Share,Target Facturación,Facturación,Visitas,Órdenes,Conversión,Ticket,Acciones comerciales,Share,Target Facturación,Facturación,Órdenes,Ticket,
,,,,,Lanzamientos,EMAIL MARKETING OBSERVACIONES Y ENVÍOS,Foco productos destacado ,Pauta Posteos Meta                                  ,Pauta Posteos Tiktok,A0,Killers,Foco categorias ,CAMPAÑAS  LEADS,CAMPAÑA  SECUNDARIA,ACCION COMERCIAL,ACCION COMERCIAL,ALIANZAS,DESCUENTOS BANCARIOS,ACCION COMERCIAL PRINCIPAL,DIA,FECHA,"100,0%", $147.913.687, $155.772.831,5%,186.712,110.223,262,170,"0,14%","0,15%", $565.170, $916.311, $520.485, $865.405,284,180,"37,00%", $0, $11.910.476, $7.088.243, $0, $0, $3.999.504, $0, $0, $1.011.780,,#DIV/0!,1,1,"0,00%","7,65%", $70.062, $108,,"0,00%",#VALUE!, $0,0,0,#DIV/0!,#REF!, $0,"0,00%", $0, $0,0,#DIV/0!, $70.062
,,,,,,,,,,,,"FOCO 1 TV SAMSUNG  |
FOCO 2 CELU SAMSUNG |  gama media & baja",,Kitchen  30% extra en 1 pago. ,,Especial TV mudial samsung -HASTA 30% OFF Y HASTA 20 CUOTAS SIN INTERES,,BNA hasta 24 XUOTAS SIN INTERES | HASTA 12 BBVA HASTA |2 NARANAJA Y GO CUOTAS X 3 CUOTAS. ,Electro Days | Hasta 30% hasta 18 csi + envio a todo el pais. Prodcutos foco solo los que envie samsung. ,viernes,1 de mayo,"2,05%", $2.981.725, $5.207.592,75%,4726,3.808,3,7,"0,07%","0,18%", $901.339, $743.942, $842.373, $743.942,4,7,"6,60%", $0, $243.561,"$149.884,16",,,"$93.676,78",,, $0,,#DIV/0!,"1,07","1,00","0,00%","4,68%",,,,, $0,,,,#DIV/0!,#REF!,,,#VALUE!,,,#DIV/0!,
,,,,,,,,,,,,"FOCO 1 TV SAMSUNG  |
FOCO 2 CELU SAMSUNG |  gama media & baja",,Kitchen  30% extra en 1 pago. ,,Especial TV mudial samsung -HASTA 30% OFF Y HASTA 20 CUOTAS SIN INTERES,,BNA hasta 24 XUOTAS SIN INTERES | HASTA 12 BBVA HASTA |2 NARANAJA Y GO CUOTAS X 3 CUOTAS. ,Electro Days | Hasta 30% hasta 18 csi + envio a todo el pais. Prodcutos foco solo los que envie samsung. ,sábado,2 de mayo,"0,90%", $1.309.050, $3.435.530,162%,2075,3.167,1,4,"0,07%","0,13%", $901.339, $858.883, $842.373, $858.883,2,4,"3,67%", $0, $297.116,"$216.830,44",,,"$80.285,34",,, $0,,#DIV/0!,"1,07","1,00","0,00%","8,65%",,,,, $0,,,,#DIV/0!,#REF!,,,#VALUE!,,,#DIV/0!,
,,,,,,,,,,,,"FOCO 1 TV SAMSUNG  |
FOCO 2 CELU SAMSUNG |  gama media & baja",,Kitchen  30% extra en 1 pago. ,,Especial TV mudial samsung -HASTA 30% OFF Y HASTA 20 CUOTAS SIN INTERES,,BNA hasta 24 XUOTAS SIN INTERES | HASTA 12 BBVA HASTA |2 NARANAJA Y GO CUOTAS X 3 CUOTAS. ,Electro Days | Hasta 30% hasta 18 csi + envio a todo el pais. Prodcutos foco solo los que envie samsung. ,domingo,3 de mayo,"1,72%", $2.498.009, $0,-100%,3959,3.682,3,0,"0,07%","0,00%", $901.339,, $842.373,#DIV/0!,3,0,"3,67%", $0, $276.426,"$177.103,07",,,"$99.323,16",,, $0,,#DIV/0!,"1,07",#DIV/0!,"0,00%",,,,,, $0,,,,#DIV/0!,#REF!,,,#VALUE!,,,#DIV/0!,
,,,,,,,,,,,,"FOCO 1 TV SAMSUNG  |
FOCO 2 CELU SAMSUNG |  gama media & baja",,Kitchen  30% extra en 1 pago. ,,Especial TV mudial samsung -HASTA 30% OFF Y HASTA 20 CUOTAS SIN INTERES,,BNA hasta 24 XUOTAS SIN INTERES | HASTA 12 BBVA HASTA |2 NARANAJA Y GO CUOTAS X 3 CUOTAS. ,Electro Days | Hasta 30% hasta 18 csi + envio a todo el pais. Prodcutos foco solo los que envie samsung. ,lunes,4 de mayo,"1,70%", $2.477.702, $7.505.994,203%,3927,4.122,3,5,"0,07%","0,12%", $901.339, $1.501.199, $842.373, $1.250.999,3,6,"2,44%", $0, $405.660,"$267.852,98",,,"$137.806,91",,, $0,,#DIV/0!,"1,07","1,20","0,00%","5,40%",,,,, $0,,,,#DIV/0!,#REF!,,,#VALUE!,,,#DIV/0!,
,,,,,,,,,,,,"FOCO 1 TV SAMSUNG  |
FOCO 2 CELU SAMSUNG |  gama media & baja",,Kitchen  30% extra en 1 pago. ,,Especial TV mudial samsung -HASTA 30% OFF Y HASTA 20 CUOTAS SIN INTERES,,BNA hasta 24 XUOTAS SIN INTERES | HASTA 12 BBVA HASTA |2 NARANAJA Y GO CUOTAS X 3 CUOTAS. ,Electro Days | Hasta 30% hasta 18 csi + envio a todo el pais. Prodcutos foco solo los que envie samsung. ,martes,5 de mayo,"0,92%", $1.340.443, $815.125,-39%,2125,3.615,1,4,"0,07%","0,11%", $901.339, $203.781, $842.373, $163.025,2,5,"2,54%", $0, $336.802,"$179.853,46",,,"$156.948,83",,, $0,,#DIV/0!,"1,07","1,25","0,00%","41,32%",,,,, $0,,,,#DIV/0!,#REF!,,,#VALUE!,,,#DIV/0!,
,,,,,,,,,,,,"FOCO 1 TV SAMSUNG  |
FOCO 2 CELU SAMSUNG |  gama media & baja",,Kitchen  30% extra en 1 pago. ,,Especial TV mudial samsung -HASTA 30% OFF Y HASTA 20 CUOTAS SIN INTERES,,BNA hasta 24 XUOTAS SIN INTERES | HASTA 12 BBVA HASTA |2 NARANAJA Y GO CUOTAS X 3 CUOTAS. ,Electro Days | Hasta 30% hasta 18 csi + envio a todo el pais. Prodcutos foco solo los que envie samsung. ,miércoles,6 de mayo,"2,81%", $4.080.747, $999.999,-75%,6468,3.560,5,1,"0,07%","0,03%", $901.339, $999.999, $842.373, $999.999,5,1,"1,96%", $0, $340.676,"$188.164,93",,,"$152.511,50",,, $0,,#DIV/0!,"1,07","1,00","0,00%","34,07%",,,,, $0,,,,#DIV/0!,#REF!,,,#VALUE!,,,#DIV/0!,
,,,,,,,,,,,,"FOCO 1 TV SAMSUNG  |
FOCO 2 CELU SAMSUNG |  gama media & baja",,Kitchen  30% extra en 1 pago. ,,Especial TV mudial samsung -HASTA 30% OFF Y HASTA 20 CUOTAS SIN INTERES,,BNA hasta 24 XUOTAS SIN INTERES | HASTA 12 BBVA HASTA |2 NARANAJA Y GO CUOTAS X 3 CUOTAS. ,Electro Days | Hasta 30% hasta 18 csi + envio a todo el pais. Prodcutos foco solo los que envie samsung. ,jueves,7 de mayo,"1,29%", $1.870.287, $769.999,-59%,2964,3.281,2,1,"0,07%","0,03%", $901.339, $769.999, $842.373, $769.999,2,1,"1,56%", $0, $315.977,"$175.777,91",,,"$140.198,82",,, $0,,#DIV/0!,"1,07","1,00","0,00%","41,04%",,,,, $0,,,,#DIV/0!,#REF!,,,#VALUE!,,,#DIV/0!,
,,,,,,,,,,,,"FOCO 1 TV SAMSUNG  |
FOCO 2 CELU SAMSUNG |  gama media & baja",,Kitchen  30% extra en 1 pago. ,,Especial TV mudial samsung -HASTA 30% OFF Y HASTA 20 CUOTAS SIN INTERES,,BNA hasta 24 XUOTAS SIN INTERES | HASTA 12 BBVA HASTA |2 NARANAJA Y GO CUOTAS X 3 CUOTAS. ,Electro Days | Hasta 30% hasta 18 csi + envio a todo el pais. Prodcutos foco solo los que envie samsung. ,viernes,8 de mayo,"1,05%", $1.520.105, $2.195.998,44%,2409,3.815,2,2,"0,07%","0,05%", $901.339, $1.097.999, $842.373, $731.999,2,3,"6,60%", $0, $331.174,"$203.814,05",,,"$84.542,87",,, $42.817,,#DIV/0!,"1,07","1,50","0,00%","15,08%",,,,, $0,,,,#DIV/0!,#REF!,,,#VALUE!,,,#DIV/0!,
,,,,,,,,,,,,"FOCO 1 TV SAMSUNG  |
FOCO 2 CELU SAMSUNG |  gama media & baja",,Kitchen  30% extra en 1 pago. ,,Especial TV mudial samsung -HASTA 30% OFF Y HASTA 20 CUOTAS SIN INTERES,,BNA hasta 24 XUOTAS SIN INTERES | HASTA 12 BBVA HASTA |2 NARANAJA Y GO CUOTAS X 3 CUOTAS. ,Electro Days | Hasta 30% hasta 18 csi + envio a todo el pais. Prodcutos foco solo los que envie samsung. ,sábado,9 de mayo,"0,75%", $1.088.074, $1.448.999,33%,1725,3.470,1,1,"0,07%","0,03%", $901.339, $1.448.999, $842.373, $1.448.999,1,1,"3,67%", $0, $290.638,"$154.225,75",,,"$67.691,12",,, $68.721,,#DIV/0!,"1,07","1,00","0,00%","20,06%",,,,, $0,,,,#DIV/0!,#REF!,,,#VALUE!,,,#DIV/0!,
,,,,,,"Cupon: HS5EXTRA (5% off con tope de $50mil, en las primera 50 compras)",,,,,,"FOCO 1 TV SAMSUNG  |
FOCO 2 CELU SAMSUNG |  gama media & baja",,Kitchen  30% extra en 1 pago. ,,Especial TV mudial samsung -HASTA 30% OFF Y HASTA 20 CUOTAS SIN INTERES,,BNA hasta 24 XUOTAS SIN INTERES | HASTA 12 BBVA HASTA |2 NARANAJA Y GO CUOTAS X 3 CUOTAS. ,Electro Days | Hasta 30% hasta 18 csi + envio a todo el pais. Prodcutos foco solo los que envie samsung. ,domingo,10 de mayo,"1,72%", $2.498.009, $0,-100%,3959,3.597,3,0,"0,07%","0,00%", $901.339,, $842.373,#DIV/0!,3,0,"3,67%", $0, $374.276,"$166.401,21",,,"$152.105,37",,, $55.769,,#DIV/0!,"1,07",#DIV/0!,"0,00%",,,,,, $0,,,,#DIV/0!,#REF!,,,#VALUE!,,,#DIV/0!,
,,,,,,,,,,,,"FOCO 1 TV SAMSUNG  |
FOCO 2 CELU SAMSUNG |  gama media & baja",,Kitchen  30% extra en 1 pago. ,,Especial TV mudial samsung -HASTA 30% OFF Y HASTA 20 CUOTAS SIN INTERES,,"BNA:  Hasta 24 cuotas sin interés  -
BBVA: Hasta 12 cuotas sin interés - 
NARANJA: Hasta 14 cuotas sin interés - 
GALICIA: Hasta 12 cuotas sin interés - 
MODO:   20% de reintegro  | Tope: $30.000 por banco y por promoción 
GO CUOTAS: 3 GO CUOTAS 
MERCADOPAGO: Hasta 18 cuotas sin interés ",HOTSALE  hASTA 35% Y HASTA 24 CSI ,lunes,11 de mayo,"25,91%", $37.689.004, $23.510.537,-38%,42642,11.182,81,36,"0,19%","0,32%", $465.180, $653.070, $426.771, $618.698,88,38,"2,44%", $0, $1.583.090,"$665.681,97",,,"$634.952,21",,, $282.456,,#DIV/0!,"1,09","1,06","0,00%","6,73%",,,,, $0,,,,#DIV/0!,#REF!,,,#VALUE!,,,#DIV/0!,
,,,,,,,,,,,,"FOCO 1 TV SAMSUNG  |
FOCO 2 CELU SAMSUNG |  gama media & baja",,Kitchen  30% extra en 1 pago. ,,Especial TV mudial samsung -HASTA 30% OFF Y HASTA 20 CUOTAS SIN INTERES,,"BNA:  Hasta 24 cuotas sin interés  -
BBVA: Hasta 12 cuotas sin interés - 
NARANJA: Hasta 14 cuotas sin interés - 
GALICIA: Hasta 12 cuotas sin interés - 
MODO:   20% de reintegro  | Tope: $30.000 por banco y por promoción 
GO CUOTAS: 3 GO CUOTAS 
MERCADOPAGO: Hasta 18 cuotas sin interés ",HOTSALE  hASTA 35% Y HASTA 24 CSI ,martes,12 de mayo,"12,64%", $18.380.517, $9.769.123,-47%,20796,8.411,40,13,"0,19%","0,15%", $465.180, $751.471, $426.771, $751.471,43,13,"2,54%", $0, $1.413.770,"$773.543,07",,,"$446.889,82",,, $193.337,,#DIV/0!,"1,09","1,00","0,00%","14,47%",,,,, $0,,,,#DIV/0!,#REF!,,,#VALUE!,,,#DIV/0!,
,,,,,,,,,,,,"FOCO 1 TV SAMSUNG  |
FOCO 2 CELU SAMSUNG |  gama media & baja",,Kitchen  30% extra en 1 pago. ,,Especial TV mudial samsung -HASTA 30% OFF Y HASTA 20 CUOTAS SIN INTERES,,"BNA:  Hasta 24 cuotas sin interés  -
BBVA: Hasta 12 cuotas sin interés - 
NARANJA: Hasta 14 cuotas sin interés - 
GALICIA: Hasta 12 cuotas sin interés - 
MODO:   20% de reintegro  | Tope: $30.000 por banco y por promoción 
GO CUOTAS: 3 GO CUOTAS 
MERCADOPAGO: Hasta 18 cuotas sin interés ",HOTSALE  hASTA 35% Y HASTA 24 CSI ,miércoles,13 de mayo,"9,22%", $13.409.036, $42.061.652,214%,15171,8.841,29,41,"0,19%","0,46%", $465.180, $1.025.894, $426.771, $1.001.468,31,42,"1,96%", $0, $1.872.219,"$1.154.871,43",,,"$555.575,61",,, $161.772,,#DIV/0!,"1,09","1,02","0,00%","4,45%",,,,, $0,,,,#DIV/0!,#REF!,,,#VALUE!,,,#DIV/0!,
,,,,,,,,,,,,"FOCO 1 TV SAMSUNG  |
FOCO 2 CELU SAMSUNG |  gama media & baja",,Kitchen  30% extra en 1 pago. ,,Especial TV mudial samsung -HASTA 30% OFF Y HASTA 20 CUOTAS SIN INTERES,,"BNA:  Hasta 24 cuotas sin interés  -
BBVA: Hasta 12 cuotas sin interés - 
NARANJA: Hasta 14 cuotas sin interés - 
GALICIA: Hasta 12 cuotas sin interés - 
MODO:   20% de reintegro  | Tope: $30.000 por banco y por promoción 
GO CUOTAS: 3 GO CUOTAS 
MERCADOPAGO: Hasta 18 cuotas sin interés ",HOTSALE  hASTA 35% Y HASTA 24 CSI ,jueves,14 de mayo,"7,05%", $10.248.407, $11.668.176,14%,11595,3.459,22,9,"0,19%","0,26%", $465.180, $1.296.464, $426.771, $1.060.743,24,11,"1,56%", $0, $457.603,"$219.754,98",,,"$77.218,23",,, $160.630,,#DIV/0!,"1,09","1,22","0,00%","3,92%",,,,, $0,,,,#DIV/0!,#REF!,,,#VALUE!,,,#DIV/0!,
,,,,,,,,,,,,"FOCO 1 TV SAMSUNG  |
FOCO 2 CELU SAMSUNG |  gama media & baja",,Kitchen  30% extra en 1 pago. ,,Especial TV mudial samsung -HASTA 30% OFF Y HASTA 20 CUOTAS SIN INTERES,,"BNA:  Hasta 24 cuotas sin interés  -
BBVA: Hasta 12 cuotas sin interés - 
NARANJA: Hasta 14 cuotas sin interés - 
GALICIA: Hasta 12 cuotas sin interés - 
MODO:   20% de reintegro  | Tope: $30.000 por banco y por promoción 
GO CUOTAS: 3 GO CUOTAS 
MERCADOPAGO: Hasta 18 cuotas sin interés ",HOTSALE  hASTA 35% Y HASTA 24 CSI ,viernes,15 de mayo,"6,32%", $9.196.804, $2.572.994,-72%,10405,2.470,20,6,"0,19%","0,24%", $465.180, $428.832, $426.771, $428.832,22,6,"6,60%", $0, $354.438,"$146.721,33",,,"$161.439,93",,, $46.277,,#DIV/0!,"1,09","1,00","0,00%","13,78%",,,,, $0,,,,#DIV/0!,#REF!,,,#VALUE!,,,#DIV/0!,
,,,,,,,,,,,,"FOCO 1 TV SAMSUNG  |
FOCO 2 CELU SAMSUNG |  gama media & baja",,Kitchen  30% extra en 1 pago. ,,Especial TV mudial samsung -HASTA 30% OFF Y HASTA 20 CUOTAS SIN INTERES,,"BNA:  Hasta 24 cuotas sin interés  -
BBVA: Hasta 12 cuotas sin interés - 
NARANJA: Hasta 14 cuotas sin interés - 
GALICIA: Hasta 12 cuotas sin interés - 
MODO:   20% de reintegro  | Tope: $30.000 por banco y por promoción 
GO CUOTAS: 3 GO CUOTAS 
MERCADOPAGO: Hasta 18 cuotas sin interés ",HOTSALE  hASTA 35% Y HASTA 24 CSI ,sábado,16 de mayo,"3,36%", $4.882.757, $5.571.415,14%,5524,1.811,10,5,"0,19%","0,28%", $465.180, $1.114.283, $426.771, $928.569,11,6,"3,67%", $0, $241.941,"$163.339,54",,,"$78.601,09",,, $0,,#DIV/0!,"1,09","1,20","0,00%","4,34%","6,62%",,,, $0,,,,#DIV/0!,#REF!,,,#VALUE!,,,#DIV/0!,
,,,,,,,,,,,,"FOCO 1 TV SAMSUNG  |
FOCO 2 CELU SAMSUNG |  gama media & baja",,Kitchen  30% extra en 1 pago. ,,Especial TV mudial samsung -HASTA 30% OFF Y HASTA 20 CUOTAS SIN INTERES,,"BNA:  Hasta 24 cuotas sin interés  -
BBVA: Hasta 12 cuotas sin interés - 
NARANJA: Hasta 14 cuotas sin interés - 
GALICIA: Hasta 12 cuotas sin interés - 
MODO:   20% de reintegro  | Tope: $30.000 por banco y por promoción 
GO CUOTAS: 3 GO CUOTAS 
MERCADOPAGO: Hasta 18 cuotas sin interés ",HOTSALE  hASTA 35% Y HASTA 24 CSI ,domingo,17 de mayo,"1,85%", $2.692.280, $4.304.341,60%,3046,2.082,6,8,"0,19%","0,38%", $465.180, $538.043, $426.771, $538.043,6,8,"3,67%", $0, $270.703,"$171.323,46",,,"$99.379,18",,, $0,,#DIV/0!,"1,09","1,00","0,00%","6,29%","6,23%",,,, $0,,,,#DIV/0!,#REF!,,,#VALUE!,,,#DIV/0!,
,,,,,Lanzamiento Odissey GT 5 ,,,,,,,"FOCO 1 TV SAMSUNG  |
FOCO 2 CELU SAMSUNG |  gama media & baja",,Kitchen  30% extra en 1 pago. ,,Especial TV mudial samsung -HASTA 30% OFF Y HASTA 20 CUOTAS SIN INTERES,,BNA hasta 24 XUOTAS SIN INTERES | HASTA 12 BBVA HASTA |2 NARANAJA Y GO CUOTAS X 3 CUOTAS. ,EXTENSIÓN HOT SALE HASTA 35% off y Hasta 24 CSI,lunes,18 de mayo,"1,70%", $2.477.702, $7.978.046,222%,3927,1.591,3,4,"0,07%","0,25%", $901.339, $1.994.511, $842.373, $1.994.511,3,4,"2,44%", $0, $206.185,"$139.457,70",,,"$66.727,69",,, $0,,#DIV/0!,"1,07","1,00","0,00%","2,58%","5,74%",,,, $0,,,,#DIV/0!,#REF!,,,#VALUE!,,,#DIV/0!,
,,,,,Lanzamiento Odissey GT 6,,,,,,,"FOCO 1 TV SAMSUNG  |
FOCO 2 CELU SAMSUNG |  gama media & baja",,Kitchen  30% extra en 1 pago. ,,Especial TV mudial samsung -HASTA 30% OFF Y HASTA 20 CUOTAS SIN INTERES,,BNA hasta 24 XUOTAS SIN INTERES | HASTA 12 BBVA HASTA |2 NARANAJA Y GO CUOTAS X 3 CUOTAS. ,,martes,19 de mayo,"0,92%", $1.340.443, $47.735,-96%,2125,2.007,1,1,"0,07%","0,05%", $901.339, $47.735, $842.373, $47.735,2,1,"2,54%", $0, $129.230,"$100.809,62",,,"$28.420,68",,, $0,,#DIV/0!,"1,07","1,00","0,00%","270,72%",,,,, $0,,,,#DIV/0!,#REF!,,,#VALUE!,,,#DIV/0!,
,,,,,Lanzamiento Odissey GT 7,,,,,,,"FOCO 1 TV SAMSUNG  |
FOCO 2 CELU SAMSUNG |  gama media & baja",,Kitchen  30% extra en 1 pago. ,,Especial TV mudial samsung -HASTA 30% OFF Y HASTA 20 CUOTAS SIN INTERES,,BNA hasta 24 XUOTAS SIN INTERES | HASTA 12 BBVA HASTA |2 NARANAJA Y GO CUOTAS X 3 CUOTAS. ,,miércoles,20 de mayo,"2,81%", $4.080.747, $449.999,-89%,6468,2.195,5,1,"0,07%","0,05%", $901.339, $449.999, $842.373, $449.999,5,1,"1,96%", $0, $194.095,"$158.948,50",,,"$35.146,23",,, $0,,#DIV/0!,"1,07","1,00","0,00%","43,13%",,,,, $0,,,,#DIV/0!,#REF!,,,#VALUE!,,,#REF!,
,,,,,Lanzamiento Odissey GT 8,,,,,,,"FOCO 1 TV SAMSUNG  |
FOCO 2 CELU SAMSUNG |  gama media & baja",,Kitchen  30% extra en 1 pago. ,,Especial TV mudial samsung -HASTA 30% OFF Y HASTA 20 CUOTAS SIN INTERES,,BNA hasta 24 XUOTAS SIN INTERES | HASTA 12 BBVA HASTA |2 NARANAJA Y GO CUOTAS X 3 CUOTAS. ,,jueves,21 de mayo,"1,29%", $1.870.287, $4.289.946,129%,2964,3.270,2,4,"0,07%","0,12%", $901.339, $1.072.486, $842.373, $1.072.486,2,4,"1,56%", $0, $223.946,"$158.018,30",,,"$65.927,61",,, $0,,#DIV/0!,"1,07","1,00","0,00%","5,22%",,,,, $0,,,,#DIV/0!,#REF!,,,#VALUE!,,,#DIV/0!,
,,,,Serie A ,Lanzamiento Odissey GT 9,,,,,,,"FOCO 1 TV SAMSUNG  |
FOCO 2 CELU SAMSUNG |  gama media & baja",,Kitchen  30% extra en 1 pago. ,,Especial TV mudial samsung -HASTA 30% OFF Y HASTA 20 CUOTAS SIN INTERES,,BNA hasta 24 XUOTAS SIN INTERES | HASTA 12 BBVA HASTA |2 NARANAJA Y GO CUOTAS X 3 CUOTAS. ,Lanzamienot A37 y A57,viernes,22 de mayo,"1,05%", $1.520.105, $89.855,-94%,2409,2.430,2,1,"0,07%","0,04%", $901.339, $89.855, $842.373, $89.855,2,1,"6,60%", $0, $171.935,"$123.678,76",,,"$48.256,37",,, $0,,#DIV/0!,"1,07","1,00","0,00%","191,35%",,,,, $0,,,,#DIV/0!,#REF!,,,#VALUE!,,,#DIV/0!,
,,,,Serie A ,Lanzamiento Odissey GT 10,,,,,,,"FOCO 1 TV SAMSUNG  |
FOCO 2 CELU SAMSUNG |  gama media & baja",,Kitchen  30% extra en 1 pago. ,,Especial TV mudial samsung -HASTA 30% OFF Y HASTA 20 CUOTAS SIN INTERES,,BNA hasta 24 XUOTAS SIN INTERES | HASTA 12 BBVA HASTA |2 NARANAJA Y GO CUOTAS X 3 CUOTAS. ,,sábado,23 de mayo,"0,75%", $1.088.074, $3.711.639,241%,1725,2.046,1,3,"0,07%","0,15%", $901.339, $1.237.213, $842.373, $1.237.213,1,3,"3,67%", $0, $177.802,"$136.746,46",,,"$41.055,62",,, $0,,#DIV/0!,"1,07","1,00","0,00%","4,79%",,,,, $0,,,,#DIV/0!,#REF!,,,#VALUE!,,,#DIV/0!,
,,,,Serie A ,Lanzamiento Odissey GT 11,,,,,,,"FOCO 1 TV SAMSUNG  |
FOCO 2 CELU SAMSUNG |  gama media & baja",,Kitchen  30% extra en 1 pago. ,,Especial TV mudial samsung -HASTA 30% OFF Y HASTA 20 CUOTAS SIN INTERES,,BNA hasta 24 XUOTAS SIN INTERES | HASTA 12 BBVA HASTA |2 NARANAJA Y GO CUOTAS X 3 CUOTAS. ,,domingo,24 de mayo,"1,72%", $2.498.009, $749.999,-70%,3959,2.889,3,1,"0,07%","0,03%", $901.339, $749.999, $842.373, $749.999,3,1,"3,67%", $0, $207.893,"$144.203,92",,,"$63.689,21",,, $0,,#DIV/0!,"1,07","1,00","0,00%","27,72%",,,,, $0,,,,#DIV/0!,#REF!,,,#VALUE!,,,#DIV/0!,
,,,,Serie A ,Lanzamiento Odissey GT 12,,,,,,,"FOCO 1 TV SAMSUNG  |
FOCO 2 CELU SAMSUNG |  gama media & baja",,Kitchen  30% extra en 1 pago. ,,Especial TV mudial samsung -HASTA 30% OFF Y HASTA 20 CUOTAS SIN INTERES,,BNA hasta 24 XUOTAS SIN INTERES | HASTA 12 BBVA HASTA |2 NARANAJA Y GO CUOTAS X 3 CUOTAS. ,,lunes,25 de mayo,"1,70%", $2.477.702, $11.178,-100%,3927,2.699,3,1,"0,07%","0,04%", $901.339, $11.178, $842.373, $5.589,3,2,"2,44%", $0, $220.143,"$161.919,21",,,"$58.223,72",,, $0,,#DIV/0!,"1,07","2,00","0,00%","1969,43%",,,,, $0,,,,#DIV/0!,#REF!,,,#VALUE!,,,#DIV/0!,
,,,,Serie A ,Lanzamiento Odissey GT 13,,,,,,,"FOCO 1 TV SAMSUNG  |
FOCO 2 CELU SAMSUNG |  gama media & baja",,Kitchen  30% extra en 1 pago. ,,Especial TV mudial samsung -HASTA 30% OFF Y HASTA 20 CUOTAS SIN INTERES,,BNA hasta 24 XUOTAS SIN INTERES | HASTA 12 BBVA HASTA |2 NARANAJA Y GO CUOTAS X 3 CUOTAS. ,,martes,26 de mayo,"0,92%", $1.340.443, $5.922.252,342%,2125,2.737,1,3,"0,07%","0,11%", $901.339, $1.974.084, $842.373, $1.974.084,2,3,"2,54%", $0, $215.148,"$154.719,51",,,"$60.428,50",,, $0,,#DIV/0!,"1,07","1,00","0,00%","3,63%",,,,, $0,,,,#DIV/0!,#REF!,,,#VALUE!,,,#DIV/0!,
,,,,Serie A ,Lanzamiento Odissey GT 14,,,,,,,"FOCO 1 TV SAMSUNG  |
FOCO 2 CELU SAMSUNG |  gama media & baja",,Kitchen  30% extra en 1 pago. ,,Especial TV mudial samsung -HASTA 30% OFF Y HASTA 20 CUOTAS SIN INTERES,,BNA hasta 24 XUOTAS SIN INTERES | HASTA 12 BBVA HASTA |2 NARANAJA Y GO CUOTAS X 3 CUOTAS. ,,miércoles,27 de mayo,"2,81%", $4.080.747, $1.529.999,-63%,6468,2.867,5,1,"0,07%","0,03%", $901.339, $1.529.999, $842.373, $1.529.999,5,1,"1,96%", $0, $191.979,"$131.232,17",,,"$60.746,37",,, $0,,#DIV/0!,"1,07","1,00","0,00%","12,55%",,,,, $0,,,,#DIV/0!,#REF!,,,#VALUE!,,,#DIV/0!,
,,,,Serie A ,Lanzamiento Odissey GT 15,,,,,,,"FOCO 1 TV SAMSUNG  |
FOCO 2 CELU SAMSUNG |  gama media & baja",,Kitchen  30% extra en 1 pago. ,,Especial TV mudial samsung -HASTA 30% OFF Y HASTA 20 CUOTAS SIN INTERES,,BNA hasta 24 XUOTAS SIN INTERES | HASTA 12 BBVA HASTA |2 NARANAJA Y GO CUOTAS X 3 CUOTAS. ,,jueves,28 de mayo,"1,29%", $1.870.287, $5.760.570,208%,2964,2.778,2,4,"0,07%","0,14%", $901.339, $1.440.143, $842.373, $1.440.143,2,4,"1,56%", $0, $197.106,"$130.717,02",,,"$66.388,68",,, $0,,#DIV/0!,"1,07","1,00","0,00%","3,42%",,,,, $0,,,,#DIV/0!,#REF!,,,#VALUE!,,,#DIV/0!,
,,,,Serie A ,Lanzamiento Odissey GT 16,,,,,,,"FOCO 1 TV SAMSUNG  |
FOCO 2 CELU SAMSUNG |  gama media & baja",,Kitchen  30% extra en 1 pago. ,,Especial TV mudial samsung -HASTA 30% OFF Y HASTA 20 CUOTAS SIN INTERES,,BNA hasta 24 XUOTAS SIN INTERES | HASTA 12 BBVA HASTA |2 NARANAJA Y GO CUOTAS X 3 CUOTAS. ,,viernes,29 de mayo,"1,05%", $1.520.105, $930.942,-39%,2409,2.988,2,1,"0,07%","0,03%", $901.339, $930.942, $842.373, $930.942,2,1,"6,60%", $0, $196.093,"$134.273,76",,,"$61.819,02",,, $0,,#DIV/0!,"1,07","1,00","0,00%","21,06%",,,,, $0,,,,#DIV/0!,#REF!,,,#VALUE!,,,#DIV/0!,
,,,,Serie A ,Lanzamiento Odissey GT 17,,,,,,,"FOCO 1 TV SAMSUNG  |
FOCO 2 CELU SAMSUNG |  gama media & baja",,Kitchen  30% extra en 1 pago. ,,Especial TV mudial samsung -HASTA 30% OFF Y HASTA 20 CUOTAS SIN INTERES,,BNA hasta 24 XUOTAS SIN INTERES | HASTA 12 BBVA HASTA |2 NARANAJA Y GO CUOTAS X 3 CUOTAS. ,,sábado,30 de mayo,"0,75%", $1.088.074, $1.783.198,64%,1725,2.466,1,2,"0,07%","0,08%", $901.339, $891.599, $842.373, $891.599,1,2,"3,67%", $0, $172.851,"$118.238,55",,,"$54.612,57",,, $0,,#DIV/0!,"1,07","1,00","0,00%","9,69%",,,,, $0,,,,#DIV/0!,#REF!,,,#VALUE!,,,#DIV/0!,
,,,,Serie A ,Lanzamiento Odissey GT 18,,,,,,,"FOCO 1 TV SAMSUNG  |
FOCO 2 CELU SAMSUNG |  gama media & baja",,Kitchen  30% extra en 1 pago. ,,Especial TV mudial samsung -HASTA 30% OFF Y HASTA 20 CUOTAS SIN INTERES,,BNA hasta 24 XUOTAS SIN INTERES | HASTA 12 BBVA HASTA |2 NARANAJA Y GO CUOTAS X 3 CUOTAS. ,,domingo,31 de mayo,"1,72%", $2.498.009, $679.999,-73%,3959,2.887,3,1,"0,07%","0,03%", $901.339, $679.999, $842.373, $679.999,3,1,"3,67%", $0, $189.051,"$120.135,66",,,"$68.915,36",,, $0,,#DIV/0!,"1,07","1,00","0,00%","27,80%",,,,, $0,,,,#DIV/0!,#REF!,,,#VALUE!,,,#DIV/0!,