"Inicio del informe","Fin del informe","Nombre del conjunto de anuncios","Entrega del conjunto de anuncios",Resultados,"Indicador de resultado","Costo por resultados","Presupuesto del conjunto de anuncios","Tipo de presupuesto del conjunto de anuncios","Importe gastado (ARS)",Impresiones,Alcance,Finalización,Inicio,"Configuración de atribución",Puja,"Tipo de puja","Último cambio significativo","Resultados (iniciales)","Indicador de resultados (iniciales)"
2026-04-01,2026-04-30,"Killers Mensuales | RMK WEB (70)",inactive,16,actions:offsite_conversion.fb_pixel_purchase,1468.1325,2000,Diario,23490.12,10138,5623,"En curso",2025-07-23,"7 días tras clic o 1 día tras visualización",0,ABSOLUTE_OCPM,2025-11-27T14:46:28-0300,,
2026-04-01,2026-04-30,"AO Catalogo | DABA",not_delivering,143,actions:offsite_conversion.fb_pixel_purchase,410.78972028,2000,Diario,58742.93,31544,14149,"En curso",2025-07-30,"7 días tras clic, 1 día tras visualización o 1 día tras visualización activa",0,ABSOLUTE_OCPM,2026-05-06T22:28:36-0300,,
2026-04-01,2026-04-30,"IG Postesos RMK Generales",inactive,9157,actions:post_engagement,1.30257617,1500,Diario,11927.69,20408,15483,"En curso",2025-10-08,"7 días tras clic o 1 día tras visualización",0,ABSOLUTE_OCPM,2026-03-11T15:22:58-0300,,
2026-04-01,2026-04-30,"FB Postesos RMK Generales",inactive,11134,actions:post_engagement,1.07619813,1500,Diario,11982.39,23703,15971,"En curso",2025-10-08,"7 días tras clic o 1 día tras visualización",0,ABSOLUTE_OCPM,2025-10-08T14:22:15-0300,,
2026-04-01,2026-04-30,"AO (Celulares)  | Target A+",not_delivering,7373,actions:omni_landing_page_view,16.30363895,7040,Diario,120206.73,256452,138727,"En curso",2025-12-09,"7 días tras clic o 1 día tras visualización",0,ABSOLUTE_OCPM,2026-05-04T16:19:44-0300,,
2026-04-01,2026-04-30,"AO (TV)  | Target A+",not_delivering,13596,actions:omni_landing_page_view,18.25779494,7000,Diario,248232.98,364941,181580,"En curso",2025-12-09,"7 días tras clic o 1 día tras visualización",0,ABSOLUTE_OCPM,2026-05-04T16:09:59-0300,,
2026-04-01,2026-04-30,"AO (Kitchen) | Target A+",not_delivering,666,actions:omni_landing_page_view,72.81690691,2000,Diario,48496.06,46902,32096,"En curso",2025-12-09,"7 días tras clic o 1 día tras visualización",0,ABSOLUTE_OCPM,2026-05-04T16:17:52-0300,,
2026-04-01,2026-04-30,"AO (Wearables)  | Target A+",not_delivering,1943,actions:omni_landing_page_view,33.85881112,2000,Diario,65787.67,89807,60212,"En curso",2025-12-09,"7 días tras clic o 1 día tras visualización",0,ABSOLUTE_OCPM,2026-05-04T16:21:57-0300,,
2026-04-01,2026-04-30,"AO Leads | Target Samsung",not_delivering,75,actions:leadgen.other,599.53546667,1500,Diario,44965.16,10107,5505,"En curso",2025-12-26,"7 días tras clic o 1 día tras visualización",0,ABSOLUTE_OCPM,2025-12-26T17:17:54-0300,,
2026-04-01,2026-04-30,"AO Trafico | Target A+",not_delivering,1883,actions:omni_landing_page_view,18.11231014,2000,Diario,34105.48,80958,21276,"En curso",2026-02-24,"7 días tras clic o 1 día tras visualización",0,ABSOLUTE_OCPM,2026-02-24T17:25:47-0300,,
2026-04-01,2026-04-30,"AO (Kitchen Anafes) | Target A+",inactive,477,actions:omni_landing_page_view,32.96710692,2000,Diario,15725.31,20985,13699,"En curso",2026-03-04,"7 días tras clic o 1 día tras visualización",0,ABSOLUTE_OCPM,2026-03-04T18:17:52-0300,,
2026-04-01,2026-04-30,"AO (Kitchen Microondas) | Target A+",inactive,259,actions:omni_landing_page_view,46.65420849,1500,Diario,12083.44,15066,12285,"En curso",2026-03-04,"7 días tras clic o 1 día tras visualización",0,ABSOLUTE_OCPM,2026-03-04T17:25:24-0300,,
2026-04-01,2026-04-30,"AO (Electro Heladeras) | Target A+",not_delivering,4413,actions:omni_landing_page_view,29.17617947,2000,Diario,128754.48,187398,83523,"En curso",2026-03-04,"7 días tras clic o 1 día tras visualización",0,ABSOLUTE_OCPM,2026-05-04T16:14:25-0300,,
2026-04-01,2026-04-30,"AO (InformaticaMonitores)  | Target A+",not_delivering,2794,actions:omni_landing_page_view,19.73631711,1500,Diario,55143.27,67712,28748,"En curso",2026-03-04,"7 días tras clic o 1 día tras visualización",0,ABSOLUTE_OCPM,2026-05-04T16:12:48-0300,,
2026-04-01,2026-04-30,"AO (AudioSoundbar)  | Target A+",not_delivering,5226,actions:omni_landing_page_view,24.69555109,7000,Diario,129058.95,218255,107020,"En curso",2026-03-05,"7 días tras clic o 1 día tras visualización",0,ABSOLUTE_OCPM,2026-05-04T16:12:02-0300,,
2026-04-01,2026-04-30,"AO (AudioMusicFrame)  | Target A+",inactive,489,actions:omni_landing_page_view,23.73699387,1500,Diario,11607.39,22835,10873,"En curso",2026-03-05,"7 días tras clic o 1 día tras visualización",0,ABSOLUTE_OCPM,2026-03-05T14:20:48-0300,,
2026-04-01,2026-04-30,"AO (InformaticaCategoriaGeneral)  | Target A+",inactive,1740,actions:omni_landing_page_view,26.8026954,2000,Diario,46636.69,60722,38143,"En curso",2026-03-05,"7 días tras clic o 1 día tras visualización",0,ABSOLUTE_OCPM,2026-04-06T16:56:41-0300,,
2026-04-01,2026-04-30,"AO (WearablesSmartwatch)  | Target A+",inactive,533,actions:omni_landing_page_view,30.3958349,1500,Diario,16200.98,22972,16360,"En curso",2026-03-05,"7 días tras clic o 1 día tras visualización",0,ABSOLUTE_OCPM,2026-03-05T14:38:37-0300,,
2026-04-01,2026-04-30,"AO (WearablesAuriculares)  | Target A+",inactive,515,actions:omni_landing_page_view,31.45803883,1500,Diario,16200.89,23960,17831,"En curso",2026-03-05,"7 días tras clic o 1 día tras visualización",0,ABSOLUTE_OCPM,2026-03-05T14:47:37-0300,,
2026-04-01,2026-04-30,"TV | RMK WEB TV",not_delivering,22,actions:offsite_conversion.fb_pixel_purchase,11729.17954545,5000,Diario,258041.95,69421,22157,"En curso",2026-03-05,"7 días tras clic o 1 día tras visualización",0,ABSOLUTE_OCPM,2026-05-06T22:22:36-0300,,
2026-04-01,2026-04-30,"Kitchen Anafe | RMK WEB Kitchen",inactive,8,actions:offsite_conversion.fb_pixel_purchase,2853.69375,7000,Diario,22829.55,8289,4387,"En curso",2026-03-05,"7 días tras clic o 1 día tras visualización",0,ABSOLUTE_OCPM,2026-04-09T13:56:51-0300,,
2026-04-01,2026-04-30,"ELECTRODAYS 2026 |  RMK WEB + LKL",not_delivering,13,actions:offsite_conversion.fb_pixel_purchase,6529.75384615,3000,Diario,84886.8,27534,14974,2026-05-31,2026-03-08,"7 días tras clic o 1 día tras visualización",0,ABSOLUTE_OCPM,2026-05-07T03:55:36-0300,,
2026-04-01,2026-04-30,"ELECTRODAYS 2026 |  RMK WEB Celulares",inactive,4,actions:offsite_conversion.fb_pixel_purchase,5392.9175,3000,Diario,21571.67,7350,2856,2026-04-30,2026-03-19,"7 días tras clic o 1 día tras visualización",0,ABSOLUTE_OCPM,2026-04-08T18:24:36-0300,,
2026-04-01,2026-04-30,"ELECTRODAYS 2026 TV |  RMK WEB TV",not_delivering,13,actions:offsite_conversion.fb_pixel_purchase,6785.02384615,5000,Diario,88205.31,29313,8854,2026-05-31,2026-04-08,"7 días tras clic o 1 día tras visualización",0,ABSOLUTE_OCPM,2026-05-04T11:19:09-0300,,
2026-04-01,2026-04-30,"Electro Heladera | RMK WEB Electro",not_delivering,29,actions:offsite_conversion.fb_pixel_purchase,4466.28655172,3000,Diario,129522.31,43054,18408,"En curso",2026-04-09,"7 días tras clic o 1 día tras visualización",0,ABSOLUTE_OCPM,2026-05-06T22:11:08-0300,,
2026-04-01,2026-04-30,"Celulares | RMK WEB Celulares",not_delivering,14,actions:offsite_conversion.fb_pixel_purchase,3663.80714286,3000,Diario,51293.3,16305,6860,"En curso",2026-03-05,"7 días tras clic o 1 día tras visualización",0,ABSOLUTE_OCPM,2026-05-06T22:17:12-0300,,
2026-04-01,2026-04-30,"Kitchen | RMK WEB Kitchen",not_delivering,10,actions:offsite_conversion.fb_pixel_purchase,8663.006,3000,Diario,86630.06,24170,10229,"En curso",2026-04-09,"7 días tras clic o 1 día tras visualización",0,ABSOLUTE_OCPM,2026-05-06T22:07:56-0300,,
2026-04-01,2026-04-30,"AO (Accesorios)  | Target A+",not_delivering,3421,actions:omni_landing_page_view,20.40366852,4000,Diario,69800.95,124991,71843,"En curso",2026-04-09,"7 días tras clic o 1 día tras visualización",0,ABSOLUTE_OCPM,2026-05-04T16:11:13-0300,,
2026-04-01,2026-04-30,"MUNDIAL 2026 TV |  RMK WEB TV",not_delivering,21,actions:offsite_conversion.fb_pixel_purchase,6970.95285714,5000,Diario,146390.01,42413,9122,2026-05-31,2026-04-09,"7 días tras clic o 1 día tras visualización",0,ABSOLUTE_OCPM,2026-05-07T03:53:45-0300,,
2026-04-01,2026-04-30,"BNA 20 CSI Abril 2026 |  Target bancos y tarjetas",not_delivering,37,actions:offsite_conversion.fb_pixel_purchase,5252.35567568,10000,Diario,194337.16,63281,24239,2026-05-31,2026-04-09,"7 días tras clic o 1 día tras visualización",0,ABSOLUTE_OCPM,2026-05-06T22:42:36-0300,,
2026-04-01,2026-04-30,"Informatica Monitores | RMK Monitores",inactive,,,,3000,Diario,31367.81,8550,1408,"En curso",2026-04-14,"7 días tras clic o 1 día tras visualización",0,ABSOLUTE_OCPM,2026-04-14T13:25:48-0300,,
2026-04-01,2026-04-30,"Audio Soundbar | RMK WEB Audio",not_delivering,3,actions:offsite_conversion.fb_pixel_purchase,26108.23,5000,Diario,78324.69,18711,2773,"En curso",2026-04-17,"7 días tras clic o 1 día tras visualización",0,ABSOLUTE_OCPM,2026-05-06T22:00:56-0300,,
2026-04-01,2026-04-30,"BNA + Cupon 2026 Killers |  RMK WEB BNA",not_delivering,4,actions:offsite_conversion.fb_pixel_purchase,7493.7025,4000,Diario,29974.81,8633,5007,2026-05-31,2026-04-22,"7 días tras clic o 1 día tras visualización",0,ABSOLUTE_OCPM,2026-05-06T22:32:50-0300,,
2026-04-01,2026-04-30,"BANCARIAS 2026 |  RMK 30",not_delivering,4,actions:offsite_conversion.fb_pixel_purchase,2406.26,7000,Diario,9625.04,3685,3193,2026-05-31,2026-04-29,"7 días tras clic o 1 día tras visualización",0,ABSOLUTE_OCPM,2026-05-06T22:31:26-0300,,
2026-04-01,2026-04-30,"HOTSALE 2025 (Previa) | Target A+ Principales ciudades",not_delivering,3,actions:leadgen.other,1722.56666667,45000,Diario,5167.7,972,875,2026-05-10,2026-04-30,"7 días tras clic o 1 día tras visualización",0,ABSOLUTE_OCPM,2026-05-08T11:42:06-0300,,
2026-04-01,2026-04-30,"HOTSALE 2025 (Previa) | Target Samsung",not_delivering,4,actions:leadgen.other,1480.0825,10000,Diario,5920.33,1200,1119,2026-05-10,2026-04-30,"7 días tras clic o 1 día tras visualización",0,ABSOLUTE_OCPM,2026-04-30T23:28:37-0300,,
