"Inicio del informe","Fin del informe","Nombre de la campaña","Entrega de la campaña",Resultados,"Indicador de resultado","Costo por resultados","Presupuesto del conjunto de anuncios","Tipo de presupuesto del conjunto de anuncios","Importe gastado (ARS)",Impresiones,Alcance,Finalización,"Configuración de atribución","Resultados (iniciales)","Indicador de resultados (iniciales)"
2026-05-01,2026-05-31,"Multi  (Meta) PERF | AO Categorias - Trafico",not_delivering,18468,actions:omni_landing_page_view,17.60800412,"Con el presupuesto del conjunto de anuncios",0,325184.62,682210,330186,"En curso","7 días tras clic o 1 día tras visualización",,
2026-05-01,2026-05-31,"Multi  (Meta) PERF | AO Categorias - Conversiones",not_delivering,54,actions:offsite_conversion.fb_pixel_purchase,3405.25055556,"Con el presupuesto del conjunto de anuncios",0,183883.53,64707,19570,"En curso","7 días tras clic o 1 día tras visualización",,
2026-05-01,2026-05-31,"Multi  (Meta) PERF | PROMO - Conversiones",inactive,43,actions:offsite_conversion.fb_pixel_purchase,5451.42813953,"Con el presupuesto del conjunto de anuncios",0,234411.41,74608,30210,"En curso","Configuración de atribución múltiple",,
2026-05-01,2026-05-31,"Multi  (Meta) PERF | AO - Catalogo",inactive,3,actions:offsite_conversion.fb_pixel_purchase,6853.85,"Con el presupuesto del conjunto de anuncios",0,20561.55,14287,9103,"En curso","7 días tras clic, 1 día tras visualización o 1 día tras visualización activa",,
2026-05-01,2026-05-31,"Multi | Perf | Lanzamiento - Conversiones OK",inactive,25,actions:offsite_conversion.fb_pixel_purchase,1476.1952,"Con el presupuesto del conjunto de anuncios",0,36904.88,12050,4826,2026-06-30,"7 días tras clic o 1 día tras visualización",,
2026-05-01,2026-05-31,"Multi (Meta) BRAND | HOTSALE 2026 (Previa) - Leads",inactive,517,actions:leadgen.other,950.25988395,"Con el presupuesto del conjunto de anuncios",0,491284.36,74983,36701,2026-05-10,"7 días tras clic o 1 día tras visualización",,
2026-05-01,2026-05-31,"Multi (Meta) BRAND | HOTSALE 2026 (Previa) - Interaccion (Posteos)",inactive,53770,actions:post_engagement,0.82648838,"Con el presupuesto del conjunto de anuncios",0,44440.28,91128,85289,2026-05-10,"7 días tras clic o 1 día tras visualización",,
2026-05-01,2026-05-31,"Multi (Meta) PERF | HOTSALE 2026 - Conv",inactive,193,actions:offsite_conversion.fb_pixel_purchase,3388.40233161,"Con el presupuesto del conjunto de anuncios",0,653961.65,186691,98668,2026-05-17,"7 días tras clic, 1 día tras visualización o 1 día tras visualización activa",,
2026-05-01,2026-05-31,"Multi (Meta) PERF | HOTSALE 2026 - Conv (xcategorias)",inactive,31,actions:offsite_conversion.fb_pixel_purchase,4229.01741935,"Con el presupuesto del conjunto de anuncios",0,131099.54,29150,20127,2026-05-17,"7 días tras clic, 1 día tras visualización o 1 día tras visualización activa",,
2026-05-01,2026-05-31,"Multi (Meta) PERF | HOTSALE 2026 - Trafico (xcategorias)",inactive,2019,actions:omni_landing_page_view,51.11762754,"Con el presupuesto del conjunto de anuncios",0,103206.49,122913,101716,2026-05-17,"7 días tras clic o 1 día tras visualización",,
2026-05-01,2026-05-31,"Multi (Meta) PERF | HOTSALE 2026 - Trafico",inactive,8349,actions:omni_landing_page_view,70.35351539,"Con el presupuesto del conjunto de anuncios",0,587381.5,787183,451570,2026-05-17,"7 días tras clic o 1 día tras visualización",,
2026-05-01,2026-05-31,"Multi (Meta) PERF | HOTSALE 2026 - Catalogo",inactive,54,actions:offsite_conversion.fb_pixel_purchase,2231.88351852,"Con el presupuesto del conjunto de anuncios",0,120521.71,14228,7811,2026-05-18,"7 días tras clic o 1 día tras visualización",,
2026-05-01,2026-05-31,"Multi (Meta) BRAND | HOTSALE 2026 - Interaccion (Posteos)",not_delivering,30759,actions:post_engagement,2.1424718,"Con el presupuesto del conjunto de anuncios",0,65900.29,73592,63709,2026-05-15,"7 días tras clic o 1 día tras visualización",,
2026-05-01,2026-05-31,"Multi (Meta) PERF | HOTSALE 2026 - Conv - Copia",inactive,108,actions:offsite_conversion.fb_pixel_purchase,1764.8187037,"Con el presupuesto del conjunto de anuncios",0,190600.42,35266,12046,2026-05-18,"7 días tras clic, 1 día tras visualización o 1 día tras visualización activa",,
2026-05-01,2026-05-31,"Multi (Meta) PERF | HOTSALE 2026 - Conv (xcategorias) - Copia",inactive,37,actions:offsite_conversion.fb_pixel_purchase,2140.16027027,"Con el presupuesto del conjunto de anuncios",0,79185.93,17970,7320,2026-05-18,"Configuración de atribución múltiple",,
2026-05-01,2026-05-31,"Multi (Meta) PERF | HOTSALE 2026 - Trafico (xcategorias) - Copia",inactive,2394,actions:omni_landing_page_view,48.05691312,"Con el presupuesto del conjunto de anuncios",0,115048.25,121736,90792,2026-05-18,"7 días tras clic o 1 día tras visualización",,
2026-05-01,2026-05-31,"Multi (Meta) PERF | HOTSALE 2026 - Catalogo - Copia",inactive,1,actions:offsite_conversion.fb_pixel_purchase,74230.62,"Con el presupuesto del conjunto de anuncios",0,74230.62,12243,6348,2026-05-18,"7 días tras clic o 1 día tras visualización",,
2026-05-01,2026-05-31,"Multi  (Meta) PERF | PROMO - Conversiones OK",active,9,actions:offsite_conversion.fb_pixel_purchase,7781.32222222,"Con el presupuesto del conjunto de anuncios",0,70031.9,17083,6276,"En curso","Configuración de atribución múltiple",,
2026-05-01,2026-05-31,"Multi  (Meta) PERF | AO Categorias - Trafico OK",active,15141,actions:omni_landing_page_view,25.3629146,"Con el presupuesto del conjunto de anuncios",0,384019.89,623239,283080,"En curso","7 días tras clic o 1 día tras visualización",,
2026-05-01,2026-05-31,"Multi  (Meta) PERF | AO Categorias - Conversiones OK",active,66,actions:offsite_conversion.fb_pixel_purchase,3292.10636364,"Con el presupuesto del conjunto de anuncios",0,217279.02,74038,24003,"En curso","7 días tras clic o 1 día tras visualización",,
2026-05-01,2026-05-31,"Multi (Meta) BRAND | AO - Leads OK",active,7,actions:leadgen.other,1190.62714286,"Con el presupuesto del conjunto de anuncios",0,8334.39,1882,1501,"En curso","7 días tras clic o 1 día tras visualización",,
