"Inicio del informe","Fin del informe","Nombre del anuncio","Entrega del anuncio",Resultados,"Indicador de resultado","Costo por resultados","Presupuesto del conjunto de anuncios","Tipo de presupuesto del conjunto de anuncios","Importe gastado (ARS)",Impresiones,Alcance,Finalización,"Configuración de atribución",Puja,"Tipo de puja","Último cambio significativo","Clasificación de calidad","Clasificación del porcentaje de interacción","Clasificación del porcentaje de conversiones","Nombre del conjunto de anuncios","Resultados (iniciales)","Indicador de resultados (iniciales)"
2026-05-25,2026-06-01,"Dinamico (img/video) Celu",active,3,actions:omni_landing_page_view,4.87,7040,Diario,14.61,84,80,"En curso","7 días tras clic o 1 día tras visualización",0,ABSOLUTE_OCPM,2026-05-19T12:30:18-0300,-,-,-,"AO (Celulares)  | Target A+",,
2026-05-25,2026-06-01,"Dinamico (carrusel) Celu",active,1804,actions:omni_landing_page_view,29.40105876,7040,Diario,53039.51,106359,55832,"En curso","7 días tras clic o 1 día tras visualización",0,ABSOLUTE_OCPM,2026-05-19T12:30:18-0300,Promedio,"Por encima del promedio","Por encima del promedio","AO (Celulares)  | Target A+",,
2026-05-25,2026-06-01,"COLECCION c/video Celulares AO Feb2025",active,42,actions:omni_landing_page_view,36.26071429,7040,Diario,1522.95,3017,2095,"En curso","7 días tras clic o 1 día tras visualización",0,ABSOLUTE_OCPM,2026-05-19T12:30:18-0300,Promedio,"Por encima del promedio","Por encima del promedio","AO (Celulares)  | Target A+",,
2026-05-25,2026-06-01,"COLECCION c/img Celulares AO Feb2025",active,17,actions:omni_landing_page_view,34.35882353,7040,Diario,584.1,1357,1187,"En curso","7 días tras clic o 1 día tras visualización",0,ABSOLUTE_OCPM,2026-05-19T12:30:18-0300,Promedio,"Por encima del promedio","Por encima del promedio","AO (Celulares)  | Target A+",,
2026-05-25,2026-06-01,"COLECCION c/img Kitchen AO Feb2025",active,2,actions:omni_landing_page_view,11.625,2000,Diario,23.25,42,42,"En curso","7 días tras clic o 1 día tras visualización",0,ABSOLUTE_OCPM,2026-05-19T12:30:18-0300,-,-,-,"AO (Kitchen) | Target A+",,
2026-05-25,2026-06-01,"Dinamico (carrusel) Kitchen Heladeras ticket alto",active,480,actions:omni_landing_page_view,32.40429167,2000,Diario,15554.06,25113,17368,"En curso","7 días tras clic o 1 día tras visualización",0,ABSOLUTE_OCPM,2026-05-19T12:31:15-0300,Promedio,"Por encima del promedio",Promedio,"AO (Electro Heladeras) | Target A+",,
2026-05-25,2026-06-01,"Dinamico (carrusel) Informatica Monitores",active,539,actions:omni_landing_page_view,22.02263451,1500,Diario,11870.2,12964,8972,"En curso","7 días tras clic o 1 día tras visualización",0,ABSOLUTE_OCPM,2026-05-19T12:30:23-0300,Promedio,"Por encima del promedio","Por debajo del promedio - 35% de los anuncios menos relevantes","AO (InformaticaMonitores)  | Target A+",,
2026-05-25,2026-06-01,"Dinamico (img/video) Kitchen Heladeras ticket alto",active,2,actions:omni_landing_page_view,87.73,2000,Diario,175.46,202,179,"En curso","7 días tras clic o 1 día tras visualización",0,ABSOLUTE_OCPM,2026-05-19T12:31:15-0300,-,-,-,"AO (Electro Heladeras) | Target A+",,
2026-05-25,2026-06-01,"Dinamico (carrusel) Wearables",active,407,actions:omni_landing_page_view,39.01302211,2000,Diario,15878.3,22030,16649,"En curso","7 días tras clic o 1 día tras visualización",0,ABSOLUTE_OCPM,2026-05-19T12:30:57-0300,Promedio,"Por encima del promedio","Por debajo del promedio - 35% de los anuncios menos relevantes","AO (Wearables)  | Target A+",,
2026-05-25,2026-06-01,"COLECCION c/img Wearables AO Feb2025",active,1,actions:omni_landing_page_view,38.79,2000,Diario,38.79,61,58,"En curso","7 días tras clic o 1 día tras visualización",0,ABSOLUTE_OCPM,2026-05-19T12:30:57-0300,-,-,-,"AO (Wearables)  | Target A+",,
2026-05-25,2026-06-01,"COLECCION c/video Kitchen AO Feb2025",active,3,actions:omni_landing_page_view,16.45,2000,Diario,49.35,86,78,"En curso","7 días tras clic o 1 día tras visualización",0,ABSOLUTE_OCPM,2026-05-19T12:30:18-0300,-,-,-,"AO (Kitchen) | Target A+",,
2026-05-25,2026-06-01,"Dinamico (carrusel) Kitchen",active,566,actions:omni_landing_page_view,27.91086572,2000,Diario,15797.55,26962,19079,"En curso","7 días tras clic o 1 día tras visualización",0,ABSOLUTE_OCPM,2026-05-19T12:30:18-0300,Promedio,"Por encima del promedio","Por encima del promedio","AO (Kitchen) | Target A+",,
2026-05-25,2026-06-01,"Dinamico (carrusel) TV",active,3019,actions:omni_landing_page_view,18.58002981,7000,Diario,56093.11,101519,63959,"En curso","7 días tras clic o 1 día tras visualización",0,ABSOLUTE_OCPM,2026-05-19T12:30:51-0300,Promedio,"Por encima del promedio","Por encima del promedio","AO (TV)  | Target A+",,
2026-05-25,2026-06-01,"COLECCION c/img TV AO Feb2025",active,56,actions:omni_landing_page_view,14.26267857,7000,Diario,798.71,1479,1253,"En curso","7 días tras clic o 1 día tras visualización",0,ABSOLUTE_OCPM,2026-05-19T12:30:51-0300,Promedio,"Por encima del promedio","Por encima del promedio","AO (TV)  | Target A+",,
2026-05-25,2026-06-01,"Dinamico (img/video) Accesorios",active,3,actions:omni_landing_page_view,16.23333333,2000,Diario,48.7,73,73,"En curso","7 días tras clic o 1 día tras visualización",0,ABSOLUTE_OCPM,2026-05-19T12:31:03-0300,-,-,-,"AO (Accesorios)  | Target A+",,
2026-05-25,2026-06-01,"Dinamico (carrusel) Audio Soundbar",active,1667,actions:omni_landing_page_view,32.39230954,7000,Diario,53997.98,77669,45755,"En curso","7 días tras clic o 1 día tras visualización",0,ABSOLUTE_OCPM,2026-05-19T12:30:35-0300,Promedio,"Por encima del promedio","Por debajo del promedio - 35% de los anuncios menos relevantes","AO (AudioSoundbar)  | Target A+",,
2026-05-25,2026-06-01,"Dinamico (carrusel) Accesorios",active,1049,actions:omni_landing_page_view,15.28410867,2000,Diario,16033.03,25515,20841,"En curso","7 días tras clic o 1 día tras visualización",0,ABSOLUTE_OCPM,2026-05-19T12:31:03-0300,Promedio,"Por encima del promedio","Por debajo del promedio - 20% de los anuncios menos relevantes","AO (Accesorios)  | Target A+",,
2026-05-25,2026-06-01,"Dinamico (img/video) Audio Soundbar",active,1,actions:omni_landing_page_view,42.53,7000,Diario,42.53,85,79,"En curso","7 días tras clic o 1 día tras visualización",0,ABSOLUTE_OCPM,2026-05-19T12:30:35-0300,-,-,-,"AO (AudioSoundbar)  | Target A+",,
2026-05-25,2026-06-01,"COLECCION c/img Audio AO Feb2025",active,5,actions:omni_landing_page_view,24.744,7000,Diario,123.72,195,184,"En curso","7 días tras clic o 1 día tras visualización",0,ABSOLUTE_OCPM,2026-05-19T12:30:35-0300,-,-,-,"AO (AudioSoundbar)  | Target A+",,
2026-05-25,2026-06-01,"DINAMICO (img/video) TV",active,20,actions:offsite_conversion.fb_pixel_purchase,1965.402,5000,Diario,39308.04,12401,5168,"En curso","7 días tras clic o 1 día tras visualización",0,ABSOLUTE_OCPM,2026-05-20T17:56:09-0300,Promedio,Promedio,Promedio,"TV | RMK WEB TV",,
2026-05-25,2026-06-01,"DINAMICO (img/video) Celulares",active,,,,3000,Diario,1476.42,417,305,"En curso","7 días tras clic o 1 día tras visualización",0,ABSOLUTE_OCPM,2026-05-20T17:56:03-0300,-,-,-,"Celulares | RMK WEB Celulares",,
2026-05-25,2026-06-01,"DINAMICO (carrusel) Celulares",active,6,actions:offsite_conversion.fb_pixel_purchase,3820.535,3000,Diario,22923.21,7411,3074,"En curso","7 días tras clic o 1 día tras visualización",0,ABSOLUTE_OCPM,2026-05-20T17:56:03-0300,Promedio,Promedio,"Por debajo del promedio - 35% de los anuncios menos relevantes","Celulares | RMK WEB Celulares",,
2026-05-25,2026-06-01,"DINAMICO (carrusel) Audio Soundbar",active,10,actions:offsite_conversion.fb_pixel_purchase,4027.825,5000,Diario,40278.25,11143,1842,"En curso","7 días tras clic o 1 día tras visualización",0,ABSOLUTE_OCPM,2026-05-20T17:55:51-0300,Promedio,"Por encima del promedio",Promedio,"Audio Soundbar | RMK WEB Audio",,
2026-05-25,2026-06-01,"DINAMICO (img/video) Audio Soundbar",active,,,,5000,Diario,1525.38,337,203,"En curso","7 días tras clic o 1 día tras visualización",0,ABSOLUTE_OCPM,2026-05-20T17:55:51-0300,-,-,-,"Audio Soundbar | RMK WEB Audio",,
2026-05-25,2026-06-01,"DINAMICO (img/video) Electro Heladeras",active,7,actions:offsite_conversion.fb_pixel_purchase,3528.24714286,3000,Diario,24697.73,9394,4456,"En curso","7 días tras clic o 1 día tras visualización",0,ABSOLUTE_OCPM,2026-05-20T17:56:00-0300,Promedio,"Por debajo del promedio - 35% de los anuncios menos relevantes","Por debajo del promedio - 35% de los anuncios menos relevantes","Electro Heladera | RMK WEB Electro",,
2026-05-25,2026-06-01,"IMG ELECTRODAYS 2026",active,,,,3000,Diario,1061.45,234,185,"En curso","7 días tras clic o 1 día tras visualización",0,ABSOLUTE_OCPM,2026-05-17T23:44:47-0300,-,-,-,"ELECTRODAYS 2026 |  RMK WEB + LKL",,
2026-05-25,2026-06-01,"VIDEO ELECTRODAYS 2026",active,1,actions:offsite_conversion.fb_pixel_purchase,22539.79,3000,Diario,22539.79,4743,2371,"En curso","7 días tras clic o 1 día tras visualización",0,ABSOLUTE_OCPM,2026-05-17T23:44:47-0300,-,-,-,"ELECTRODAYS 2026 |  RMK WEB + LKL",,
2026-05-25,2026-06-01,"IMG AO Celulares Feb2025",active,,,,7040,Diario,27.21,36,36,"En curso","7 días tras clic o 1 día tras visualización",0,ABSOLUTE_OCPM,2026-05-19T12:30:18-0300,-,-,-,"AO (Celulares)  | Target A+",,
2026-05-25,2026-06-01,"Dinamico (img/video) Informatica Monitores",active,28,actions:omni_landing_page_view,14.67535714,1500,Diario,410.91,346,324,"En curso","7 días tras clic o 1 día tras visualización",0,ABSOLUTE_OCPM,2026-05-19T12:30:23-0300,-,-,-,"AO (InformaticaMonitores)  | Target A+",,
2026-05-25,2026-06-01,"VIDEO AO Audio Feb2025",active,,,,7000,Diario,34.1,47,46,"En curso","7 días tras clic o 1 día tras visualización",0,ABSOLUTE_OCPM,2026-05-19T12:30:35-0300,-,-,-,"AO (AudioSoundbar)  | Target A+",,
2026-05-25,2026-06-01,"Dinamico (img/video) Wearables",active,,,,2000,Diario,8.46,9,8,"En curso","7 días tras clic o 1 día tras visualización",0,ABSOLUTE_OCPM,2026-05-19T12:30:57-0300,-,-,-,"AO (Wearables)  | Target A+",,
2026-05-25,2026-06-01,"IMG AO Wearables Feb2025",active,2,actions:omni_landing_page_view,68.235,2000,Diario,136.47,114,109,"En curso","7 días tras clic o 1 día tras visualización",0,ABSOLUTE_OCPM,2026-05-19T12:30:57-0300,-,-,-,"AO (Wearables)  | Target A+",,
2026-05-25,2026-06-01,"IMG AO KitchenFeb2025",active,,,,2000,Diario,12.15,18,18,"En curso","7 días tras clic o 1 día tras visualización",0,ABSOLUTE_OCPM,2026-05-19T12:30:18-0300,-,-,-,"AO (Kitchen) | Target A+",,
2026-05-25,2026-06-01,"COLECCION c/video Wearables AO Feb2025",active,,,,2000,Diario,23.17,43,35,"En curso","7 días tras clic o 1 día tras visualización",0,ABSOLUTE_OCPM,2026-05-19T12:30:57-0300,-,-,-,"AO (Wearables)  | Target A+",,
2026-05-25,2026-06-01,"IMG AO Audio Feb2025",active,6,actions:omni_landing_page_view,41.13166667,7000,Diario,246.79,302,272,"En curso","7 días tras clic o 1 día tras visualización",0,ABSOLUTE_OCPM,2026-05-19T12:30:35-0300,-,-,-,"AO (AudioSoundbar)  | Target A+",,
2026-05-25,2026-06-01,"Dinamico (img/video) Kitchen",active,,,,2000,Diario,3.24,4,4,"En curso","7 días tras clic o 1 día tras visualización",0,ABSOLUTE_OCPM,2026-05-19T12:30:18-0300,-,-,-,"AO (Kitchen) | Target A+",,
2026-05-25,2026-06-01,"VIDEO AO TV Feb2025",active,25,actions:omni_landing_page_view,15.4692,7000,Diario,386.73,342,292,"En curso","7 días tras clic o 1 día tras visualización",0,ABSOLUTE_OCPM,2026-05-19T12:30:51-0300,-,-,-,"AO (TV)  | Target A+",,
2026-05-25,2026-06-01,"COLECCION c/video TV AO Feb2025",active,8,actions:omni_landing_page_view,25.4875,7000,Diario,203.9,438,359,"En curso","7 días tras clic o 1 día tras visualización",0,ABSOLUTE_OCPM,2026-05-19T12:30:51-0300,-,-,-,"AO (TV)  | Target A+",,
2026-05-25,2026-06-01,"COLECCION c/video Audio AO Feb2025",active,13,actions:omni_landing_page_view,50.73461538,7000,Diario,659.55,826,621,"En curso","7 días tras clic o 1 día tras visualización",0,ABSOLUTE_OCPM,2026-05-19T12:30:35-0300,Promedio,"Por encima del promedio",Promedio,"AO (AudioSoundbar)  | Target A+",,
2026-05-25,2026-06-01,"VIDEO TV AO",active,,,,5000,Diario,1636.11,280,212,"En curso","7 días tras clic o 1 día tras visualización",0,ABSOLUTE_OCPM,2026-05-20T17:56:09-0300,-,-,-,"TV | RMK WEB TV",,
2026-05-25,2026-06-01,"IMG TV AO",active,,,,5000,Diario,1069.85,269,226,"En curso","7 días tras clic o 1 día tras visualización",0,ABSOLUTE_OCPM,2026-05-20T17:56:09-0300,-,-,-,"TV | RMK WEB TV",,
2026-05-25,2026-06-01,"DINAMICO (carrusel) TV",active,,,,5000,Diario,56.16,24,21,"En curso","7 días tras clic o 1 día tras visualización",0,ABSOLUTE_OCPM,2026-05-20T17:56:09-0300,-,-,-,"TV | RMK WEB TV",,
2026-05-25,2026-06-01,"DINAMICO (img/video) Kitchen",active,,,,3000,Diario,831.55,147,119,"En curso","7 días tras clic o 1 día tras visualización",0,ABSOLUTE_OCPM,2026-05-20T17:56:00-0300,-,-,-,"Kitchen | RMK WEB Kitchen",,
2026-05-25,2026-06-01,"DINAMICO (carrusel) Kitchen",active,4,actions:offsite_conversion.fb_pixel_purchase,5755.2225,3000,Diario,23020.89,7775,3456,"En curso","7 días tras clic o 1 día tras visualización",0,ABSOLUTE_OCPM,2026-05-20T17:56:00-0300,Promedio,Promedio,"Por debajo del promedio - 35% de los anuncios menos relevantes","Kitchen | RMK WEB Kitchen",,
2026-05-25,2026-06-01,"DINAMICO (carrusel) Electro Heladeras",active,,,,3000,Diario,610.04,358,283,"En curso","7 días tras clic o 1 día tras visualización",0,ABSOLUTE_OCPM,2026-05-20T17:56:00-0300,-,-,-,"Electro Heladera | RMK WEB Electro",,
2026-05-25,2026-06-01,"IMG Lanz A57 + A36  LANZAMIENTO Hasta 29/05",inactive,25,actions:offsite_conversion.fb_pixel_purchase,1078.9548,4216,Diario,26973.87,9215,3946,2026-06-30,"7 días tras clic o 1 día tras visualización",0,ABSOLUTE_OCPM,2026-05-22T17:50:17-0300,-,-,-,"Lanz A57 + A36 | RMK Celulares + LKL",,
2026-05-25,2026-06-01,"COLECCION c/videoMUNDIAL 2026 - Copia 2",active,,,,5000,Diario,5654.51,1234,678,"En curso","7 días tras clic o 1 día tras visualización",0,ABSOLUTE_OCPM,0,Promedio,Promedio,"Por debajo del promedio - 35% de los anuncios menos relevantes","MUNDIAL 2026 TV |  RMK WEB TV",,
2026-05-25,2026-06-01,"COLECCION c/img IMG MUNDIAL 2026 - Copia",active,,,,5000,Diario,262.69,67,58,"En curso","7 días tras clic o 1 día tras visualización",0,ABSOLUTE_OCPM,0,-,-,-,"MUNDIAL 2026 TV |  RMK WEB TV",,
2026-05-25,2026-06-01,"DINAMICO Killers MUNDIAL 2026",active,,,,5000,Diario,2265.25,631,412,"En curso","7 días tras clic o 1 día tras visualización",0,ABSOLUTE_OCPM,0,-,-,-,"MUNDIAL 2026 TV |  RMK WEB TV",,
2026-05-25,2026-06-01,"IG REEL 29-05 MUNDIAL",active,40,actions:post_engagement,28.315,1500,Diario,1132.6,225,214,"En curso","7 días tras clic o 1 día tras visualización",0,ABSOLUTE_OCPM,2026-06-01T11:34:28-0300,-,-,-,"IG Postesos RMK Generales",,
2026-05-25,2026-06-01,"VIDEO AO Wearables Feb2025",active,,,,2000,Diario,3.14,3,3,"En curso","7 días tras clic o 1 día tras visualización",0,ABSOLUTE_OCPM,2026-05-19T12:30:57-0300,-,-,-,"AO (Wearables)  | Target A+",,
2026-05-25,2026-06-01,"VIDEO AO KitchenFeb2025",active,,,,2000,Diario,0,1,1,"En curso","7 días tras clic o 1 día tras visualización",0,ABSOLUTE_OCPM,2026-05-19T12:30:18-0300,-,-,-,"AO (Kitchen) | Target A+",,
2026-05-25,2026-06-01,"CARRUSEL Categorias AO Leads",active,8,actions:leadgen.other,1140.5625,1500,Diario,9124.5,2116,1693,"En curso","7 días tras clic o 1 día tras visualización",0,ABSOLUTE_OCPM,2026-05-26T18:30:12-0300,-,-,-,"AO Leads | Target Samsung",,
2026-05-25,2026-06-01,"VIDEO AO leads Generica",active,,,,1500,Diario,183.71,37,35,"En curso","7 días tras clic o 1 día tras visualización",0,ABSOLUTE_OCPM,2026-05-26T18:30:12-0300,-,-,-,"AO Leads | Target Samsung",,
2026-05-25,2026-06-01,"IMG AO leads Generica",active,,,,1500,Diario,394.82,72,71,"En curso","7 días tras clic o 1 día tras visualización",0,ABSOLUTE_OCPM,2026-05-26T18:30:12-0300,-,-,-,"AO Leads | Target Samsung",,
2026-05-25,2026-06-01,"IMG MUNDIAL 2026 - Copia",active,3,actions:offsite_conversion.fb_pixel_purchase,8110.40666667,5000,Diario,24331.22,7296,2904,"En curso","7 días tras clic o 1 día tras visualización",0,ABSOLUTE_OCPM,0,-,-,-,"MUNDIAL 2026 TV |  RMK WEB TV",,
2026-05-25,2026-06-01,"VIDEO MUNDIAL 2026 - Copia",active,,,,5000,Diario,775.2,133,108,"En curso","7 días tras clic o 1 día tras visualización",0,ABSOLUTE_OCPM,0,-,-,-,"MUNDIAL 2026 TV |  RMK WEB TV",,
2026-05-25,2026-06-01,"IMG Lanz A57 + A37 LANZAMIENTO Junio 2026",active,,,,4216,Diario,0.23,8,8,2026-06-30,"7 días tras clic o 1 día tras visualización",0,ABSOLUTE_OCPM,2026-05-22T17:50:17-0300,-,-,-,"Lanz A57 + A36 | RMK Celulares + LKL",,
2026-05-25,2026-06-01,"VIDEO Lanz A57 + A37 LANZAMIENTO Junio 2026",active,,,,4216,Diario,4483.25,1922,1242,2026-06-30,"7 días tras clic o 1 día tras visualización",0,ABSOLUTE_OCPM,2026-05-22T17:50:17-0300,-,-,-,"Lanz A57 + A36 | RMK Celulares + LKL",,
2026-05-25,2026-06-01,"CARRUSEL Lanz A57 + A37 LANZAMIENTO Junio 2026",active,,,,4216,Diario,185.04,66,62,2026-06-30,"7 días tras clic o 1 día tras visualización",0,ABSOLUTE_OCPM,2026-05-22T17:50:17-0300,-,-,-,"Lanz A57 + A36 | RMK Celulares + LKL",,
